ts,seq,#ID,S,V,I,Vp,Ip,per,VA,W,VAE,WE,PF,0,0,StatusCode
2876127,1380,0,1,563129,22423,7247,85633,16436,81,	94,422,	297,10515,0,0,0
2876213,1381,1,1,578784,1301,7383,7478,16436,5,	0,49,	0,0,0,0,14
2876280,1382,2,0,0,0,123,123,30000,0,	0,0,	0,1234,0,0,10000
2876344,1383,3,0,0,0,123,123,30000,0,	0,0,	0,1234,0,0,10000
2876407,1384,4,0,0,0,123,123,30000,0,	0,0,	0,1234,0,0,10000
2876471,1385,5,0,0,0,123,123,30000,0,	0,0,	0,1234,0,0,10000
ts,seq,#ID,S,V,I,Vp,Ip,per,VA,W,VAE,WE,PF,0,0,StatusCode
2886131,1386,0,1,563239,22492,7293,87586,16434,81,	93,810,	938,9706,0,0,10
2886215,1387,1,1,579782,1305,7387,7678,16438,5,	0,49,	0,0,0,0,14
2886285,1388,2,0,0,0,123,123,30000,0,	0,0,	0,1234,0,0,10000
2886348,1389,3,0,0,0,123,123,30000,0,	0,0,	0,1234,0,0,10000
2886412,1390,4,0,0,0,123,123,30000,0,	0,0,	0,1234,0,0,10000
2886475,1391,5,0,0,0,123,123,30000,0,	0,0,	0,1234,0,0,10000
ts,seq,#ID,S,V,I,Vp,Ip,per,VA,W,VAE,WE,PF,0,0,StatusCode
2896134,1392,0,1,563880,22310,7240,87360,16436,81,	93,809,	936,9706,0,0,10
2896220,1393,1,1,578095,1304,7374,6885,16436,5,	0,48,	0,0,0,0,14
2896287,1394,2,0,0,0,123,123,30000,0,	0,0,	0,1234,0,0,10000
2896351,1395,3,0,0,0,123,123,30000,0,	0,0,	0,1234,0,0,10000
2896414,1396,4,0,0,0,123,123,30000,0,	0,0,	0,1234,0,0,10000
2896478,1397,5,0,0,0,123,123,30000,0,	0,0,	0,1234,0,0,10000
ts,seq,#ID,S,V,I,Vp,Ip,per,VA,W,VAE,WE,PF,0,0,StatusCode
2906136,1398,0,1,563670,22711,7302,87192,16436,80,	93,811,	938,10647,0,0,0
2906222,1399,1,1,579874,1330,7377,8428,16436,5,	0,49,	0,0,0,0,14
2906292,1400,2,0,0,0,123,123,30000,0,	0,0,	0,1234,0,0,10000
2906355,1401,3,0,0,0,123,123,30000,0,	0,0,	0,1234,0,0,10000
2906419,1402,4,0,0,0,123,123,30000,0,	0,0,	0,1234,0,0,10000
2906482,1403,5,0,0,0,123,123,30000,0,	0,0,	0,1234,0,0,10000
ts,seq,#ID,S,V,I,Vp,Ip,per,VA,W,VAE,WE,PF,0,0,StatusCode
2916139,1404,0,1,564007,22079,7281,87858,16434,81,	94,809,	936,10515,0,0,10
2916225,1405,1,1,584048,1302,7395,7931,16434,5,	0,49,	0,0,0,0,14
2916294,1406,2,0,0,0,123,123,30000,0,	0,0,	0,1234,0,0,10000
2916358,1407,3,0,0,0,123,123,30000,0,	0,0,	0,1234,0,0,10000
2916421,1408,4,0,0,0,123,123,30000,0,	0,0,	0,1234,0,0,10000
2916485,1409,5,0,0,0,123,123,30000,0,	0,0,	0,1234,0,0,10000
ts,seq,#ID,S,V,I,Vp,Ip,per,VA,W,VAE,WE,PF,0,0,StatusCode
2926143,1410,0,1,565152,21889,7290,86623,16436,82,	94,813,	941,9588,0,0,10
2926227,1411,1,1,581276,1316,7404,7927,16436,5,	0,48,	0,0,0,0,14
2926297,1412,2,0,0,0,123,123,30000,0,	0,0,	0,1234,0,0,10000
2926360,1413,3,0,0,0,123,123,30000,0,	0,0,	0,1234,0,0,10000
2926424,1414,4,0,0,0,123,123,30000,0,	0,0,	0,1234,0,0,10000
2926487,1415,5,0,0,0,123,123,30000,0,	0,0,	0,1234,0,0,10000
ts,seq,#ID,S,V,I,Vp,Ip,per,VA,W,VAE,WE,PF,0,0,StatusCode
2936145,1416,0,1,564529,22482,7294,88807,16438,81,	95,814,	942,11324,0,0,0
2936229,1417,1,1,578302,1300,7411,7980,16436,5,	0,49,	0,0,0,0,14
2936299,1418,2,0,0,0,123,123,30000,0,	0,0,	0,1234,0,0,10000
2936363,1419,3,0,0,0,123,123,30000,0,	0,0,	0,1234,0,0,10000
2936426,1420,4,0,0,0,123,123,30000,0,	0,0,	0,1234,0,0,10000
2936489,1421,5,0,0,0,123,123,30000,0,	0,0,	0,1234,0,0,10000
ts,seq,#ID,S,V,I,Vp,Ip,per,VA,W,VAE,WE,PF,0,0,StatusCode
2946148,1422,0,1,564798,22374,7295,86589,16436,82,	94,814,	941,9588,0,0,0
2946232,1423,1,1,574862,1294,7410,7904,16436,5,	0,49,	0,0,0,0,14
2946301,1424,2,0,0,0,123,123,30000,0,	0,0,	0,1234,0,0,10000
2946365,1425,3,0,0,0,123,123,30000,0,	0,0,	0,1234,0,0,10000
2946428,1426,4,0,0,0,123,123,30000,0,	0,0,	0,1234,0,0,10000
2946492,1427,5,0,0,0,123,123,30000,0,	0,0,	0,1234,0,0,10000
ts,seq,#ID,S,V,I,Vp,Ip,per,VA,W,VAE,WE,PF,0,0,StatusCode
2956150,1428,0,1,565431,22362,7282,86259,16434,81,	95,813,	940,11324,0,0,10
2956236,1429,1,1,584552,1338,7414,7469,16436,4,	0,49,	0,0,0,0,14
2956304,1430,2,0,0,0,123,123,30000,0,	0,0,	0,1234,0,0,10000
2956367,1431,3,0,0,0,123,123,30000,0,	0,0,	0,1234,0,0,10000
2956433,1432,4,0,0,0,123,123,30000,0,	0,0,	0,1234,0,0,10000
2956496,1433,5,0,0,0,123,123,30000,0,	0,0,	0,1234,0,0,10000
ts,seq,#ID,S,V,I,Vp,Ip,per,VA,W,VAE,WE,PF,0,0,StatusCode
2966151,1434,0,1,565592,22312,7271,86798,16429,82,	95,815,	943,10387,0,0,10
2966239,1435,1,1,585801,1331,7425,7341,16436,5,	0,49,	0,0,0,0,14
2966306,1436,2,0,0,0,123,123,30000,0,	0,0,	0,1234,0,0,10000
2966370,1437,3,0,0,0,123,123,30000,0,	0,0,	0,1234,0,0,10000
2966433,1438,4,0,0,0,123,123,30000,0,	0,0,	0,1234,0,0,10000
2966497,1439,5,0,0,0,123,123,30000,0,	0,0,	0,1234,0,0,10000
ts,seq,#ID,S,V,I,Vp,Ip,per,VA,W,VAE,WE,PF,0,0,StatusCode
2976153,1440,0,1,564438,21971,7286,88884,16436,81,	94,814,	942,10515,0,0,0
2976239,1441,1,1,579967,1294,7420,6866,16436,5,	0,49,	0,0,0,0,14
2976309,1442,2,0,0,0,123,123,30000,0,	0,0,	0,1234,0,0,10000
2976372,1443,3,0,0,0,123,123,30000,0,	0,0,	0,1234,0,0,10000
2976436,1444,4,0,0,0,123,123,30000,0,	0,0,	0,1234,0,0,10000
2976499,1445,5,0,0,0,123,123,30000,0,	0,0,	0,1234,0,0,10000
ts,seq,#ID,S,V,I,Vp,Ip,per,VA,W,VAE,WE,PF,0,0,StatusCode
2986156,1446,0,1,565930,22491,7289,87115,16434,82,	94,815,	944,9588,0,0,0
2986240,1447,1,1,576015,1356,7417,6900,16438,5,	0,48,	0,0,0,0,14
2986309,1448,2,0,0,0,123,123,30000,0,	0,0,	0,1234,0,0,10000
2986373,1449,3,0,0,0,123,123,30000,0,	0,0,	0,1234,0,0,10000
2986436,1450,4,0,0,0,123,123,30000,0,	0,0,	0,1234,0,0,10000
2986500,1451,5,0,0,0,123,123,30000,0,	0,0,	0,1234,0,0,10000
ts,seq,#ID,S,V,I,Vp,Ip,per,VA,W,VAE,WE,PF,0,0,StatusCode
2996156,1452,0,1,567528,22424,7292,87563,16434,81,	95,818,	945,11324,0,0,0
2996242,1453,1,1,581819,1357,7400,8452,16438,5,	0,49,	0,0,0,0,14
2996310,1454,2,0,0,0,123,123,30000,0,	0,0,	0,1234,0,0,10000
2996373,1455,3,0,0,0,123,123,30000,0,	0,0,	0,1234,0,0,10000
2996436,1456,4,0,0,0,123,123,30000,0,	0,0,	0,1234,0,0,10000
2996500,1457,5,0,0,0,123,123,30000,0,	0,0,	0,1234,0,0,10000
ts,seq,#ID,S,V,I,Vp,Ip,per,VA,W,VAE,WE,PF,0,0,StatusCode
3006156,1458,0,1,566124,22160,7278,87141,16436,82,	95,818,	947,10387,0,0,0
3006242,1459,1,1,581515,1330,7369,7450,16436,5,	0,50,	0,0,0,0,14
3006310,1460,2,0,0,0,123,123,30000,0,	0,0,	0,1234,0,0,10000
3006373,1461,3,0,0,0,123,123,30000,0,	0,0,	0,1234,0,0,10000
3006437,1462,4,0,0,0,123,123,30000,0,	0,0,	0,1234,0,0,10000
3006500,1463,5,0,0,0,123,123,30000,0,	0,0,	0,1234,0,0,10000
ts,seq,#ID,S,V,I,Vp,Ip,per,VA,W,VAE,WE,PF,0,0,StatusCode
3016157,1464,0,1,566816,22317,7274,87368,16436,82,	95,819,	947,10387,0,0,0
3016243,1465,1,1,583050,1311,7375,7635,16436,5,	0,49,	0,0,0,0,14
3016310,1466,2,0,0,0,123,123,30000,0,	0,0,	0,1234,0,0,10000
3016374,1467,3,0,0,0,123,123,30000,0,	0,0,	0,1234,0,0,10000
3016437,1468,4,0,0,0,123,123,30000,0,	0,0,	0,1234,0,0,10000
3016501,1469,5,0,0,0,123,123,30000,0,	0,0,	0,1234,0,0,10000
ts,seq,#ID,S,V,I,Vp,Ip,per,VA,W,VAE,WE,PF,0,0,StatusCode
3026157,1470,0,1,568287,22969,7280,87060,16436,82,	95,819,	948,10387,0,0,0
3026243,1471,1,1,582967,1290,7374,8082,16436,5,	0,49,	0,0,0,0,14
3026311,1472,2,0,0,0,123,123,30000,0,	0,0,	0,1234,0,0,10000
3026376,1473,3,0,0,0,123,123,30000,0,	0,0,	0,1234,0,0,10000
3026440,1474,4,0,0,0,123,123,30000,0,	0,0,	0,1234,0,0,10000
3026503,1475,5,0,0,0,123,123,30000,0,	0,0,	0,1234,0,0,10000
ts,seq,#ID,S,V,I,Vp,Ip,per,VA,W,VAE,WE,PF,0,0,StatusCode
3036157,1476,0,1,568125,22378,7301,89117,16436,82,	95,822,	951,10387,0,0,0
3036243,1477,1,1,582972,1304,7389,6996,16436,5,	0,49,	0,0,0,0,14
3036311,1478,2,0,0,0,123,123,30000,0,	0,0,	0,1234,0,0,10000
3036377,1479,3,0,0,0,123,123,30000,0,	0,0,	0,1234,0,0,10000
3036440,1480,4,0,0,0,123,123,30000,0,	0,0,	0,1234,0,0,10000
3036504,1481,5,0,0,0,123,123,30000,0,	0,0,	0,1234,0,0,10000
ts,seq,#ID,S,V,I,Vp,Ip,per,VA,W,VAE,WE,PF,0,0,StatusCode
3046160,1482,0,1,567647,22362,7294,87055,16434,82,	95,822,	951,10387,0,0,0
3046246,1483,1,1,583164,1322,7387,7998,16436,5,	0,49,	0,0,0,0,14
3046313,1484,2,0,0,0,123,123,30000,0,	0,0,	0,1234,0,0,10000
3046377,1485,3,0,0,0,123,123,30000,0,	0,0,	0,1234,0,0,10000
3046440,1486,4,0,0,0,123,123,30000,0,	0,0,	0,1234,0,0,10000
3046504,1487,5,0,0,0,123,123,30000,0,	0,0,	0,1234,0,0,10000
ts,seq,#ID,S,V,I,Vp,Ip,per,VA,W,VAE,WE,PF,0,0,StatusCode
3056162,1488,0,1,567329,22501,7270,87881,16434,81,	95,819,	946,11324,0,0,10
3056248,1489,1,1,587242,1339,7372,7865,16434,5,	0,49,	0,0,0,0,14
3056316,1490,2,0,0,0,123,123,30000,0,	0,0,	0,1234,0,0,10000
3056379,1491,3,0,0,0,123,123,30000,0,	0,0,	0,1234,0,0,10000
3056443,1492,4,0,0,0,123,123,30000,0,	0,0,	0,1234,0,0,10000
3056506,1493,5,0,0,0,123,123,30000,0,	0,0,	0,1234,0,0,10000
ts,seq,#ID,S,V,I,Vp,Ip,per,VA,W,VAE,WE,PF,0,0,StatusCode
3066163,1494,0,1,568734,22789,7282,87821,16436,81,	94,817,	946,10515,0,0,10
3066249,1495,1,1,587241,1332,7374,7544,16438,5,	0,49,	0,0,0,0,14
3066318,1496,2,0,0,0,123,123,30000,0,	0,0,	0,1234,0,0,10000
3066382,1497,3,0,0,0,123,123,30000,0,	0,0,	0,1234,0,0,10000
3066445,1498,4,0,0,0,123,123,30000,0,	0,0,	0,1234,0,0,10000
3066509,1499,5,0,0,0,123,123,30000,0,	0,0,	0,1234,0,0,10000
ts,seq,#ID,S,V,I,Vp,Ip,per,VA,W,VAE,WE,PF,0,0,StatusCode
3076165,1500,0,1,567090,22529,7280,86861,16436,82,	95,820,	948,10387,0,0,10
3076251,1501,1,1,587031,1311,7382,7478,16436,5,	0,49,	0,0,0,0,14
3076321,1502,2,0,0,0,123,123,30000,0,	0,0,	0,1234,0,0,10000
3076384,1503,3,0,0,0,123,123,30000,0,	0,0,	0,1234,0,0,10000
3076448,1504,4,0,0,0,123,123,30000,0,	0,0,	0,1234,0,0,10000
3076511,1505,5,0,0,0,123,123,30000,0,	0,0,	0,1234,0,0,10000
ts,seq,#ID,S,V,I,Vp,Ip,per,VA,W,VAE,WE,PF,0,0,StatusCode
3086168,1506,0,1,567772,22581,7286,87332,16436,82,	95,820,	949,10387,0,0,0
3086254,1507,1,1,583179,1291,7383,8815,16436,5,	0,49,	0,0,0,0,14
3086321,1508,2,0,0,0,123,123,30000,0,	0,0,	0,1234,0,0,10000
3086385,1509,3,0,0,0,123,123,30000,0,	0,0,	0,1234,0,0,10000
3086450,1510,4,0,0,0,123,123,30000,0,	0,0,	0,1234,0,0,10000
3086514,1511,5,0,0,0,123,123,30000,0,	0,0,	0,1234,0,0,10000
ts,seq,#ID,S,V,I,Vp,Ip,per,VA,W,VAE,WE,PF,0,0,StatusCode
3096170,1512,0,1,568356,22610,7301,89350,16431,82,	95,822,	951,10387,0,0,0
3096254,1513,1,1,583618,1342,7386,7321,16436,5,	0,49,	0,0,0,0,14
3096324,1514,2,0,0,0,123,123,30000,0,	0,0,	0,1234,0,0,10000
3096387,1515,3,0,0,0,123,123,30000,0,	0,0,	0,1234,0,0,10000
3096451,1516,4,0,0,0,123,123,30000,0,	0,0,	0,1234,0,0,10000
3096514,1517,5,0,0,0,123,123,30000,0,	0,0,	0,1234,0,0,10000
ts,seq,#ID,S,V,I,Vp,Ip,per,VA,W,VAE,WE,PF,0,0,StatusCode
3106170,1518,0,1,566445,22269,7299,87303,16436,82,	95,821,	951,10387,0,0,0
3106256,1519,1,1,583138,1301,7388,7657,16438,5,	0,49,	0,0,0,0,14
3106324,1520,2,0,0,0,123,123,30000,0,	0,0,	0,1234,0,0,10000
3106387,1521,3,0,0,0,123,123,30000,0,	0,0,	0,1234,0,0,10000
3106451,1522,4,0,0,0,123,123,30000,0,	0,0,	0,1234,0,0,10000
3106514,1523,5,0,0,0,123,123,30000,0,	0,0,	0,1234,0,0,10000
ts,seq,#ID,S,V,I,Vp,Ip,per,VA,W,VAE,WE,PF,0,0,StatusCode
3116173,1524,0,1,565278,22620,7250,87081,16436,81,	95,816,	943,11324,0,0,10
3116259,1525,1,1,585695,1368,7379,8150,16438,5,	0,49,	0,0,0,0,14
3116326,1526,2,0,0,0,123,123,30000,0,	0,0,	0,1234,0,0,10000
3116390,1527,3,0,0,0,123,123,30000,0,	0,0,	0,1234,0,0,10000
3116453,1528,4,0,0,0,123,123,30000,0,	0,0,	0,1234,0,0,10000
3116517,1529,5,0,0,0,123,123,30000,0,	0,0,	0,1234,0,0,10000
ts,seq,#ID,S,V,I,Vp,Ip,per,VA,W,VAE,WE,PF,0,0,StatusCode
3126175,1530,0,1,564833,22227,7274,87350,16436,82,	94,817,	946,9588,0,0,10
3126259,1531,1,1,581150,1270,7369,7422,16436,5,	0,49,	0,0,0,0,14
3126329,1532,2,0,0,0,123,123,30000,0,	0,0,	0,1234,0,0,10000
3126392,1533,3,0,0,0,123,123,30000,0,	0,0,	0,1234,0,0,10000
3126456,1534,4,0,0,0,123,123,30000,0,	0,0,	0,1234,0,0,10000
3126519,1535,5,0,0,0,123,123,30000,0,	0,0,	0,1234,0,0,10000
ts,seq,#ID,S,V,I,Vp,Ip,per,VA,W,VAE,WE,PF,0,0,StatusCode
3136178,1536,0,1,565723,22540,7275,87535,16434,82,	94,818,	946,9588,0,0,0
3136262,1537,1,1,577297,1326,7366,7839,16436,5,	0,49,	0,0,0,0,14
3136329,1538,2,0,0,0,123,123,30000,0,	0,0,	0,1234,0,0,10000
3136393,1539,3,0,0,0,123,123,30000,0,	0,0,	0,1234,0,0,10000
3136456,1540,4,0,0,0,123,123,30000,0,	0,0,	0,1234,0,0,10000
3136522,1541,5,0,0,0,123,123,30000,0,	0,0,	0,1234,0,0,10000
ts,seq,#ID,S,V,I,Vp,Ip,per,VA,W,VAE,WE,PF,0,0,StatusCode
3146178,1542,0,1,565089,22282,7274,87257,16434,82,	95,817,	945,10387,0,0,0
3146262,1543,1,1,581445,1342,7368,7027,16436,5,	0,49,	0,0,0,0,14
3146332,1544,2,0,0,0,123,123,30000,0,	0,0,	0,1234,0,0,10000
3146395,1545,3,0,0,0,123,123,30000,0,	0,0,	0,1234,0,0,10000
3146459,1546,4,0,0,0,123,123,30000,0,	0,0,	0,1234,0,0,10000
3146522,1547,5,0,0,0,123,123,30000,0,	0,0,	0,1234,0,0,10000
ts,seq,#ID,S,V,I,Vp,Ip,per,VA,W,VAE,WE,PF,0,0,StatusCode
3156176,1548,0,1,566339,22531,7284,86748,16431,82,	94,818,	946,9588,0,0,10
3156262,1549,1,1,582369,1315,7368,7370,16436,5,	0,49,	0,0,0,0,14
3156330,1550,2,0,0,0,123,123,30000,0,	0,0,	0,1234,0,0,10000
3156393,1551,3,0,0,0,123,123,30000,0,	0,0,	0,1234,0,0,10000
3156457,1552,4,0,0,0,123,123,30000,0,	0,0,	0,1234,0,0,10000
3156523,1553,5,0,0,0,123,123,30000,0,	0,0,	0,1234,0,0,10000
ts,seq,#ID,S,V,I,Vp,Ip,per,VA,W,VAE,WE,PF,0,0,StatusCode
3166175,1554,0,1,566660,22486,7275,88050,16420,81,	95,818,	946,11324,0,0,10
3166261,1555,1,1,587319,1331,7366,8122,16429,5,	0,49,	0,0,0,0,14
3166330,1556,2,0,0,0,123,123,30000,0,	0,0,	0,1234,0,0,10000
3166394,1557,3,0,0,0,123,123,30000,0,	0,0,	0,1234,0,0,10000
3166457,1558,4,0,0,0,123,123,30000,0,	0,0,	0,1234,0,0,10000
3166521,1559,5,0,0,0,123,123,30000,0,	0,0,	0,1234,0,0,10000
ts,seq,#ID,S,V,I,Vp,Ip,per,VA,W,VAE,WE,PF,0,0,StatusCode
3176173,1560,0,1,566706,22533,7269,87012,16407,81,	95,816,	944,11324,0,0,10
3176259,1561,1,1,585176,1362,7360,7232,16434,4,	0,49,	0,0,0,0,14
3176329,1562,2,0,0,0,123,123,30000,0,	0,0,	0,1234,0,0,10000
3176392,1563,3,0,0,0,123,123,30000,0,	0,0,	0,1234,0,0,10000
3176456,1564,4,0,0,0,123,123,30000,0,	0,0,	0,1234,0,0,10000
3176519,1565,5,0,0,0,123,123,30000,0,	0,0,	0,1234,0,0,10000
ts,seq,#ID,S,V,I,Vp,Ip,per,VA,W,VAE,WE,PF,0,0,StatusCode
3186173,1566,0,1,566624,22357,7278,87584,16438,81,	94,818,	946,10515,0,0,0
3186257,1567,1,1,581647,1341,7369,9162,16436,5,	0,49,	0,0,0,0,14
3186327,1568,2,0,0,0,123,123,30000,0,	0,0,	0,1234,0,0,10000
3186391,1569,3,0,0,0,123,123,30000,0,	0,0,	0,1234,0,0,10000
3186454,1570,4,0,0,0,123,123,30000,0,	0,0,	0,1234,0,0,10000
3186518,1571,5,0,0,0,123,123,30000,0,	0,0,	0,1234,0,0,10000
ts,seq,#ID,S,V,I,Vp,Ip,per,VA,W,VAE,WE,PF,0,0,StatusCode
3196176,1572,0,1,566096,22425,7272,86293,16438,82,	95,817,	946,10387,0,0,10
3196262,1573,1,1,587271,1348,7371,8403,16438,5,	0,49,	0,0,0,0,14
3196329,1574,2,0,0,0,123,123,30000,0,	0,0,	0,1234,0,0,10000
3196393,1575,3,0,0,0,123,123,30000,0,	0,0,	0,1234,0,0,10000
3196456,1576,4,0,0,0,123,123,30000,0,	0,0,	0,1234,0,0,10000
3196520,1577,5,0,0,0,123,123,30000,0,	0,0,	0,1234,0,0,10000
ts,seq,#ID,S,V,I,Vp,Ip,per,VA,W,VAE,WE,PF,0,0,StatusCode
3206178,1578,0,1,562796,22420,7273,86584,16434,81,	93,817,	944,9706,0,0,10
3206264,1579,1,1,576122,1324,7367,7849,16436,5,	0,49,	0,0,0,0,14
3206332,1580,2,0,0,0,123,123,30000,0,	0,0,	0,1234,0,0,10000
3206395,1581,3,0,0,0,123,123,30000,0,	0,0,	0,1234,0,0,10000
3206459,1582,4,0,0,0,123,123,30000,0,	0,0,	0,1234,0,0,10000
3206522,1583,5,0,0,0,123,123,30000,0,	0,0,	0,1234,0,0,10000
ts,seq,#ID,S,V,I,Vp,Ip,per,VA,W,VAE,WE,PF,0,0,StatusCode
3216181,1584,0,1,565160,22232,7233,86551,16438,81,	94,809,	936,10515,0,0,0
3216267,1585,1,1,581300,1303,7380,8402,16436,5,	0,49,	0,0,0,0,14
3216336,1586,2,0,0,0,123,123,30000,0,	0,0,	0,1234,0,0,10000
3216400,1587,3,0,0,0,123,123,30000,0,	0,0,	0,1234,0,0,10000
3216463,1588,4,0,0,0,123,123,30000,0,	0,0,	0,1234,0,0,10000
3216527,1589,5,0,0,0,123,123,30000,0,	0,0,	0,1234,0,0,10000
ts,seq,#ID,S,V,I,Vp,Ip,per,VA,W,VAE,WE,PF,0,0,StatusCode
3226181,1590,0,1,565084,22834,7267,87349,16431,81,	94,815,	943,10515,0,0,0
3226267,1591,1,1,580058,1314,7382,7890,16434,5,	0,49,	0,0,0,0,14
3226335,1592,2,0,0,0,123,123,30000,0,	0,0,	0,1234,0,0,10000
3226398,1593,3,0,0,0,123,123,30000,0,	0,0,	0,1234,0,0,10000
3226462,1594,4,0,0,0,123,123,30000,0,	0,0,	0,1234,0,0,10000
3226525,1595,5,0,0,0,123,123,30000,0,	0,0,	0,1234,0,0,10000
ts,seq,#ID,S,V,I,Vp,Ip,per,VA,W,VAE,WE,PF,0,0,StatusCode
3236182,1596,0,1,565154,22332,7251,87450,16434,81,	94,811,	938,10515,0,0,0
3236265,1597,1,1,580177,1329,7382,7949,16434,5,	0,48,	0,0,0,0,14
3236335,1598,2,0,0,0,123,123,30000,0,	0,0,	0,1234,0,0,10000
3236399,1599,3,0,0,0,123,123,30000,0,	0,0,	0,1234,0,0,10000
3236462,1600,4,0,0,0,123,123,30000,0,	0,0,	0,1234,0,0,10000
3236526,1601,5,0,0,0,123,123,30000,0,	0,0,	0,1234,0,0,10000
ts,seq,#ID,S,V,I,Vp,Ip,per,VA,W,VAE,WE,PF,0,0,StatusCode
3246180,1602,0,1,564591,21948,7240,87088,16436,81,	93,813,	941,9706,0,0,10
3246266,1603,1,1,580344,1319,7367,7138,16436,5,	0,49,	0,0,0,0,14
3246333,1604,2,0,0,0,123,123,30000,0,	0,0,	0,1234,0,0,10000
3246397,1605,3,0,0,0,123,123,30000,0,	0,0,	0,1234,0,0,10000
3246460,1606,4,0,0,0,123,123,30000,0,	0,0,	0,1234,0,0,10000
3246524,1607,5,0,0,0,123,123,30000,0,	0,0,	0,1234,0,0,10000
ts,seq,#ID,S,V,I,Vp,Ip,per,VA,W,VAE,WE,PF,0,0,StatusCode
3256180,1608,0,1,564700,21992,7241,87598,16438,81,	93,813,	940,9706,0,0,10
3256264,1609,1,1,579540,1321,7362,7264,16436,5,	0,49,	0,0,0,0,14
3256334,1610,2,0,0,0,123,123,30000,0,	0,0,	0,1234,0,0,10000
3256397,1611,3,0,0,0,123,123,30000,0,	0,0,	0,1234,0,0,10000
3256461,1612,4,0,0,0,123,123,30000,0,	0,0,	0,1234,0,0,10000
3256524,1613,5,0,0,0,123,123,30000,0,	0,0,	0,1234,0,0,10000
ts,seq,#ID,S,V,I,Vp,Ip,per,VA,W,VAE,WE,PF,0,0,StatusCode
3266181,1614,0,1,565687,22469,7265,87102,16436,81,	95,812,	940,11324,0,0,10
3266267,1615,1,1,584492,1314,7364,9337,16436,4,	0,49,	0,0,0,0,14
3266336,1616,2,0,0,0,123,123,30000,0,	0,0,	0,1234,0,0,10000
3266400,1617,3,0,0,0,123,123,30000,0,	0,0,	0,1234,0,0,10000
3266463,1618,4,0,0,0,123,123,30000,0,	0,0,	0,1234,0,0,10000
3266527,1619,5,0,0,0,123,123,30000,0,	0,0,	0,1234,0,0,10000
ts,seq,#ID,S,V,I,Vp,Ip,per,VA,W,VAE,WE,PF,0,0,StatusCode
3276183,1620,0,1,564662,22434,7282,86796,16436,81,	95,816,	943,11324,0,0,0
3276267,1621,1,1,580889,1363,7368,7132,16436,4,	0,49,	0,0,0,0,14
3276337,1622,2,0,0,0,123,123,30000,0,	0,0,	0,1234,0,0,10000
3276400,1623,3,0,0,0,123,123,30000,0,	0,0,	0,1234,0,0,10000
3276464,1624,4,0,0,0,123,123,30000,0,	0,0,	0,1234,0,0,10000
3276527,1625,5,0,0,0,123,123,30000,0,	0,0,	0,1234,0,0,10000
ts,seq,#ID,S,V,I,Vp,Ip,per,VA,W,VAE,WE,PF,0,0,StatusCode
3286183,1626,0,1,565311,22727,7223,86623,16436,82,	94,815,	943,9588,0,0,0
3286267,1627,1,1,575513,1334,7381,8034,16436,5,	0,49,	0,0,0,0,14
3286337,1628,2,0,0,0,123,123,30000,0,	0,0,	0,1234,0,0,10000
3286401,1629,3,0,0,0,123,123,30000,0,	0,0,	0,1234,0,0,10000
3286464,1630,4,0,0,0,123,123,30000,0,	0,0,	0,1234,0,0,10000
3286528,1631,5,0,0,0,123,123,30000,0,	0,0,	0,1234,0,0,10000
ts,seq,#ID,S,V,I,Vp,Ip,per,VA,W,VAE,WE,PF,0,0,StatusCode
3296184,1632,0,1,565267,22433,7270,86624,16434,81,	94,815,	943,10515,0,0,0
3296270,1633,1,1,580486,1339,7363,7354,16434,5,	0,49,	0,0,0,0,14
3296337,1634,2,0,0,0,123,123,30000,0,	0,0,	0,1234,0,0,10000
3296401,1635,3,0,0,0,123,123,30000,0,	0,0,	0,1234,0,0,10000
3296464,1636,4,0,0,0,123,123,30000,0,	0,0,	0,1234,0,0,10000
3296528,1637,5,0,0,0,123,123,30000,0,	0,0,	0,1234,0,0,10000
ts,seq,#ID,S,V,I,Vp,Ip,per,VA,W,VAE,WE,PF,0,0,StatusCode
3306184,1638,0,1,565454,22501,7272,86819,16431,82,	95,814,	942,10387,0,0,0
3306268,1639,1,1,580371,1369,7366,9033,16436,5,	0,48,	0,0,0,0,14
3306338,1640,2,0,0,0,123,123,30000,0,	0,0,	0,1234,0,0,10000
3306401,1641,3,0,0,0,123,123,30000,0,	0,0,	0,1234,0,0,10000
3306465,1642,4,0,0,0,123,123,30000,0,	0,0,	0,1234,0,0,10000
3306528,1643,5,0,0,0,123,123,30000,0,	0,0,	0,1234,0,0,10000
ts,seq,#ID,S,V,I,Vp,Ip,per,VA,W,VAE,WE,PF,0,0,StatusCode
3316183,1644,0,1,565797,22371,7267,86633,16434,81,	94,815,	942,10515,0,0,10
3316269,1645,1,1,586138,1335,7365,7448,16436,5,	0,49,	0,0,0,0,14
3316338,1646,2,0,0,0,123,123,30000,0,	0,0,	0,1234,0,0,10000
3316402,1647,3,0,0,0,123,123,30000,0,	0,0,	0,1234,0,0,10000
3316465,1648,4,0,0,0,123,123,30000,0,	0,0,	0,1234,0,0,10000
3316529,1649,5,0,0,0,123,123,30000,0,	0,0,	0,1234,0,0,10000
ts,seq,#ID,S,V,I,Vp,Ip,per,VA,W,VAE,WE,PF,0,0,StatusCode
3326183,1650,0,1,565837,22447,7220,86788,16431,82,	94,814,	942,9588,0,0,10
3326269,1651,1,1,580072,1342,7367,7184,16438,5,	0,49,	0,0,0,0,14
3326337,1652,2,0,0,0,123,123,30000,0,	0,0,	0,1234,0,0,10000
3326400,1653,3,0,0,0,123,123,30000,0,	0,0,	0,1234,0,0,10000
3326464,1654,4,0,0,0,123,123,30000,0,	0,0,	0,1234,0,0,10000
3326527,1655,5,0,0,0,123,123,30000,0,	0,0,	0,1234,0,0,10000
ts,seq,#ID,S,V,I,Vp,Ip,per,VA,W,VAE,WE,PF,0,0,StatusCode
3336183,1656,0,1,565779,22412,7265,87841,16436,81,	95,816,	944,11324,0,0,10
3336269,1657,1,1,585673,1312,7369,8427,16436,5,	0,49,	0,0,0,0,14
3336337,1658,2,0,0,0,123,123,30000,0,	0,0,	0,1234,0,0,10000
3336400,1659,3,0,0,0,123,123,30000,0,	0,0,	0,1234,0,0,10000
3336466,1660,4,0,0,0,123,123,30000,0,	0,0,	0,1234,0,0,10000
3336529,1661,5,0,0,0,123,123,30000,0,	0,0,	0,1234,0,0,10000
ts,seq,#ID,S,V,I,Vp,Ip,per,VA,W,VAE,WE,PF,0,0,StatusCode
3346182,1662,0,1,566517,22255,7277,86543,16434,82,	94,815,	944,9588,0,0,10
3346268,1663,1,1,581532,1344,7370,7989,16431,5,	0,49,	0,0,0,0,14
3346335,1664,2,0,0,0,123,123,30000,0,	0,0,	0,1234,0,0,10000
3346399,1665,3,0,0,0,123,123,30000,0,	0,0,	0,1234,0,0,10000
3346462,1666,4,0,0,0,123,123,30000,0,	0,0,	0,1234,0,0,10000
3346526,1667,5,0,0,0,123,123,30000,0,	0,0,	0,1234,0,0,10000
ts,seq,#ID,S,V,I,Vp,Ip,per,VA,W,VAE,WE,PF,0,0,StatusCode
3356182,1668,0,1,566521,22456,7270,87587,16436,81,	94,814,	942,10515,0,0,10
3356268,1669,1,1,585573,1330,7363,7998,16436,5,	0,49,	0,0,0,0,14
3356336,1670,2,0,0,0,123,123,30000,0,	0,0,	0,1234,0,0,10000
3356399,1671,3,0,0,0,123,123,30000,0,	0,0,	0,1234,0,0,10000
3356463,1672,4,0,0,0,123,123,30000,0,	0,0,	0,1234,0,0,10000
3356526,1673,5,0,0,0,123,123,30000,0,	0,0,	0,1234,0,0,10000
ts,seq,#ID,S,V,I,Vp,Ip,per,VA,W,VAE,WE,PF,0,0,StatusCode
3366180,1674,0,1,565869,22276,7275,87261,16434,81,	94,813,	939,10515,0,0,10
3366268,1675,1,1,584585,1309,7354,8407,16436,5,	0,49,	0,0,0,0,14
3366336,1676,2,0,0,0,123,123,30000,0,	0,0,	0,1234,0,0,10000
3366400,1677,3,0,0,0,123,123,30000,0,	0,0,	0,1234,0,0,10000
3366463,1678,4,0,0,0,123,123,30000,0,	0,0,	0,1234,0,0,10000
3366526,1679,5,0,0,0,123,123,30000,0,	0,0,	0,1234,0,0,10000
ts,seq,#ID,S,V,I,Vp,Ip,per,VA,W,VAE,WE,PF,0,0,StatusCode
3376183,1680,0,1,564526,22433,7263,87338,16434,81,	94,811,	939,10515,0,0,10
3376269,1681,1,1,583966,1360,7353,7920,16438,4,	0,49,	0,0,0,0,14
3376336,1682,2,0,0,0,123,123,30000,0,	0,0,	0,1234,0,0,10000
3376400,1683,3,0,0,0,123,123,30000,0,	0,0,	0,1234,0,0,10000
3376463,1684,4,0,0,0,123,123,30000,0,	0,0,	0,1234,0,0,10000
3376527,1685,5,0,0,0,123,123,30000,0,	0,0,	0,1234,0,0,10000
ts,seq,#ID,S,V,I,Vp,Ip,per,VA,W,VAE,WE,PF,0,0,StatusCode
3386181,1686,0,1,564623,22313,7263,87599,16434,82,	94,813,	939,9588,0,0,0
3386265,1687,1,1,576113,1366,7362,7112,16429,5,	0,49,	0,0,0,0,14
3386335,1688,2,0,0,0,123,123,30000,0,	0,0,	0,1234,0,0,10000
3386398,1689,3,0,0,0,123,123,30000,0,	0,0,	0,1234,0,0,10000
3386462,1690,4,0,0,0,123,123,30000,0,	0,0,	0,1234,0,0,10000
3386525,1691,5,0,0,0,123,123,30000,0,	0,0,	0,1234,0,0,10000
ts,seq,#ID,S,V,I,Vp,Ip,per,VA,W,VAE,WE,PF,0,0,StatusCode
3396179,1692,0,1,565157,22343,7277,87576,16425,81,	94,813,	940,10515,0,0,0
3396265,1693,1,1,579989,1316,7388,7540,16423,5,	0,48,	0,0,0,0,14
3396333,1694,2,0,0,0,123,123,30000,0,	0,0,	0,1234,0,0,10000
3396397,1695,3,0,0,0,123,123,30000,0,	0,0,	0,1234,0,0,10000
3396460,1696,4,0,0,0,123,123,30000,0,	0,0,	0,1234,0,0,10000
3396524,1697,5,0,0,0,123,123,30000,0,	0,0,	0,1234,0,0,10000
ts,seq,#ID,S,V,I,Vp,Ip,per,VA,W,VAE,WE,PF,0,0,StatusCode
3406178,1698,0,1,566076,22428,7265,86603,16418,81,	94,812,	939,10515,0,0,10
3406264,1699,1,1,586452,1333,7366,7620,16425,5,	0,49,	0,0,0,0,14
3406333,1700,2,0,0,0,123,123,30000,0,	0,0,	0,1234,0,0,10000
3406397,1701,3,0,0,0,123,123,30000,0,	0,0,	0,1234,0,0,10000
3406460,1702,4,0,0,0,123,123,30000,0,	0,0,	0,1234,0,0,10000
3406524,1703,5,0,0,0,123,123,30000,0,	0,0,	0,1234,0,0,10000
ts,seq,#ID,S,V,I,Vp,Ip,per,VA,W,VAE,WE,PF,0,0,StatusCode
3416176,1704,0,1,565947,22341,7269,87074,16414,81,	94,813,	941,10515,0,0,10
3416262,1705,1,1,585518,1302,7371,7396,16407,4,	0,49,	0,0,0,0,14
3416330,1706,2,0,0,0,123,123,30000,0,	0,0,	0,1234,0,0,10000
3416393,1707,3,0,0,0,123,123,30000,0,	0,0,	0,1234,0,0,10000
3416457,1708,4,0,0,0,123,123,30000,0,	0,0,	0,1234,0,0,10000
3416522,1709,5,0,0,0,123,123,30000,0,	0,0,	0,1234,0,0,10000
ts,seq,#ID,S,V,I,Vp,Ip,per,VA,W,VAE,WE,PF,0,0,StatusCode
3426174,1710,0,1,566032,22501,7279,87331,16427,82,	94,816,	944,9588,0,0,0
3426258,1711,1,1,576011,1302,7386,8281,16418,4,	0,49,	0,0,0,0,14
3426326,1712,2,0,0,0,123,123,30000,0,	0,0,	0,1234,0,0,10000
3426390,1713,3,0,0,0,123,123,30000,0,	0,0,	0,1234,0,0,10000
3426453,1714,4,0,0,0,123,123,30000,0,	0,0,	0,1234,0,0,10000
3426519,1715,5,0,0,0,123,123,30000,0,	0,0,	0,1234,0,0,10000
ts,seq,#ID,S,V,I,Vp,Ip,per,VA,W,VAE,WE,PF,0,0,StatusCode
3436175,1716,0,1,565861,22271,7244,86585,16434,82,	95,818,	946,10387,0,0,0
3436259,1717,1,1,582000,1344,7382,7156,16436,5,	0,49,	0,0,0,0,14
3436328,1718,2,0,0,0,123,123,30000,0,	0,0,	0,1234,0,0,10000
3436392,1719,3,0,0,0,123,123,30000,0,	0,0,	0,1234,0,0,10000
3436455,1720,4,0,0,0,123,123,30000,0,	0,0,	0,1234,0,0,10000
3436519,1721,5,0,0,0,123,123,30000,0,	0,0,	0,1234,0,0,10000
ts,seq,#ID,S,V,I,Vp,Ip,per,VA,W,VAE,WE,PF,0,0,StatusCode
3446173,1722,0,1,566176,22607,7285,87903,16436,82,	95,818,	947,10387,0,0,0
3446259,1723,1,1,581742,1331,7381,8931,16436,5,	0,49,	0,0,0,0,14
3446329,1724,2,0,0,0,123,123,30000,0,	0,0,	0,1234,0,0,10000
3446392,1725,3,0,0,0,123,123,30000,0,	0,0,	0,1234,0,0,10000
3446456,1726,4,0,0,0,123,123,30000,0,	0,0,	0,1234,0,0,10000
3446519,1727,5,0,0,0,123,123,30000,0,	0,0,	0,1234,0,0,10000
ts,seq,#ID,S,V,I,Vp,Ip,per,VA,W,VAE,WE,PF,0,0,StatusCode
3456174,1728,0,1,565402,22249,7288,86513,16438,82,	94,819,	947,9588,0,0,0
3456258,1729,1,1,576307,1323,7385,8238,16436,5,	0,49,	0,0,0,0,14
3456327,1730,2,0,0,0,123,123,30000,0,	0,0,	0,1234,0,0,10000
3456391,1731,3,0,0,0,123,123,30000,0,	0,0,	0,1234,0,0,10000
3456454,1732,4,0,0,0,123,123,30000,0,	0,0,	0,1234,0,0,10000
3456518,1733,5,0,0,0,123,123,30000,0,	0,0,	0,1234,0,0,10000
ts,seq,#ID,S,V,I,Vp,Ip,per,VA,W,VAE,WE,PF,0,0,StatusCode
3466174,1734,0,1,566247,22553,7278,88046,16436,82,	94,818,	948,9588,0,0,0
3466258,1735,1,1,577585,1364,7392,7906,16436,5,	0,49,	0,0,0,0,14
3466328,1736,2,0,0,0,123,123,30000,0,	0,0,	0,1234,0,0,10000
3466391,1737,3,0,0,0,123,123,30000,0,	0,0,	0,1234,0,0,10000
3466455,1738,4,0,0,0,123,123,30000,0,	0,0,	0,1234,0,0,10000
3466518,1739,5,0,0,0,123,123,30000,0,	0,0,	0,1234,0,0,10000
ts,seq,#ID,S,V,I,Vp,Ip,per,VA,W,VAE,WE,PF,0,0,StatusCode
3476174,1740,0,1,567215,22293,7281,86868,16434,82,	95,819,	947,10387,0,0,0
3476258,1741,1,1,583859,1332,7394,7442,16429,5,	0,49,	0,0,0,0,14
3476328,1742,2,0,0,0,123,123,30000,0,	0,0,	0,1234,0,0,10000
3476391,1743,3,0,0,0,123,123,30000,0,	0,0,	0,1234,0,0,10000
3476455,1744,4,0,0,0,123,123,30000,0,	0,0,	0,1234,0,0,10000
3476518,1745,5,0,0,0,123,123,30000,0,	0,0,	0,1234,0,0,10000
ts,seq,#ID,S,V,I,Vp,Ip,per,VA,W,VAE,WE,PF,0,0,StatusCode
3486171,1746,0,1,566261,22479,7303,87641,16407,82,	94,818,	948,9588,0,0,10
3486257,1747,1,1,581074,1295,7395,7409,16405,5,	0,49,	0,0,0,0,14
3486324,1748,2,0,0,0,123,123,30000,0,	0,0,	0,1234,0,0,10000
3486388,1749,3,0,0,0,123,123,30000,0,	0,0,	0,1234,0,0,10000
3486451,1750,4,0,0,0,123,123,30000,0,	0,0,	0,1234,0,0,10000
3486515,1751,5,0,0,0,123,123,30000,0,	0,0,	0,1234,0,0,10000
ts,seq,#ID,S,V,I,Vp,Ip,per,VA,W,VAE,WE,PF,0,0,StatusCode
3496169,1752,0,1,567141,22372,7291,87590,16412,82,	95,817,	945,10387,0,0,10
3496255,1753,1,1,587035,1320,7377,8804,16403,5,	0,49,	0,0,0,0,14
3496325,1754,2,0,0,0,123,123,30000,0,	0,0,	0,1234,0,0,10000
3496388,1755,3,0,0,0,123,123,30000,0,	0,0,	0,1234,0,0,10000
3496452,1756,4,0,0,0,123,123,30000,0,	0,0,	0,1234,0,0,10000
3496515,1757,5,0,0,0,123,123,30000,0,	0,0,	0,1234,0,0,10000
ts,seq,#ID,S,V,I,Vp,Ip,per,VA,W,VAE,WE,PF,0,0,StatusCode
3506169,1758,0,1,567621,22481,7283,88595,16436,82,	94,818,	946,9588,0,0,0
3506253,1759,1,1,578587,1371,7388,7887,16436,5,	0,49,	0,0,0,0,14
3506321,1760,2,0,0,0,123,123,30000,0,	0,0,	0,1234,0,0,10000
3506384,1761,3,0,0,0,123,123,30000,0,	0,0,	0,1234,0,0,10000
3506448,1762,4,0,0,0,123,123,30000,0,	0,0,	0,1234,0,0,10000
3506511,1763,5,0,0,0,123,123,30000,0,	0,0,	0,1234,0,0,10000
ts,seq,#ID,S,V,I,Vp,Ip,per,VA,W,VAE,WE,PF,0,0,StatusCode
3516168,1764,0,1,565175,22346,7279,87184,16431,81,	94,816,	945,10515,0,0,0
3516252,1765,1,1,580733,1300,7372,7415,16429,5,	0,49,	0,0,0,0,14
3516321,1766,2,0,0,0,123,123,30000,0,	0,0,	0,1234,0,0,10000
3516385,1767,3,0,0,0,123,123,30000,0,	0,0,	0,1234,0,0,10000
3516448,1768,4,0,0,0,123,123,30000,0,	0,0,	0,1234,0,0,10000
3516512,1769,5,0,0,0,123,123,30000,0,	0,0,	0,1234,0,0,10000
ts,seq,#ID,S,V,I,Vp,Ip,per,VA,W,VAE,WE,PF,0,0,StatusCode
3526166,1770,0,1,566073,22358,7292,88346,16431,81,	94,816,	944,10515,0,0,10
3526252,1771,1,1,586598,1311,7381,7085,16436,5,	0,49,	0,0,0,0,14
3526320,1772,2,0,0,0,123,123,30000,0,	0,0,	0,1234,0,0,10000
3526383,1773,3,0,0,0,123,123,30000,0,	0,0,	0,1234,0,0,10000
3526447,1774,4,0,0,0,123,123,30000,0,	0,0,	0,1234,0,0,10000
3526510,1775,5,0,0,0,123,123,30000,0,	0,0,	0,1234,0,0,10000
ts,seq,#ID,S,V,I,Vp,Ip,per,VA,W,VAE,WE,PF,0,0,StatusCode
3536164,1776,0,1,566630,22472,7281,87641,16409,82,	95,816,	944,10387,0,0,10
3536250,1777,1,1,586919,1381,7382,7659,16405,5,	0,49,	0,0,0,0,14
3536318,1778,2,0,0,0,123,123,30000,0,	0,0,	0,1234,0,0,10000
3536381,1779,3,0,0,0,123,123,30000,0,	0,0,	0,1234,0,0,10000
3536445,1780,4,0,0,0,123,123,30000,0,	0,0,	0,1234,0,0,10000
3536508,1781,5,0,0,0,123,123,30000,0,	0,0,	0,1234,0,0,10000
ts,seq,#ID,S,V,I,Vp,Ip,per,VA,W,VAE,WE,PF,0,0,StatusCode
3546161,1782,0,1,566586,22347,7283,86481,16405,82,	94,818,	947,9588,0,0,0
3546247,1783,1,1,578154,1335,7386,7956,16403,5,	0,49,	0,0,0,0,14
3546314,1784,2,0,0,0,123,123,30000,0,	0,0,	0,1234,0,0,10000
3546378,1785,3,0,0,0,123,123,30000,0,	0,0,	0,1234,0,0,10000
3546441,1786,4,0,0,0,123,123,30000,0,	0,0,	0,1234,0,0,10000
3546505,1787,5,0,0,0,123,123,30000,0,	0,0,	0,1234,0,0,10000
ts,seq,#ID,S,V,I,Vp,Ip,per,VA,W,VAE,WE,PF,0,0,StatusCode
3556159,1788,0,1,568243,22523,7284,88846,16403,81,	94,817,	945,10515,0,0,10
3556245,1789,1,1,587430,1307,7376,8077,16403,5,	0,49,	0,0,0,0,14
3556315,1790,2,0,0,0,123,123,30000,0,	0,0,	0,1234,0,0,10000
3556378,1791,3,0,0,0,123,123,30000,0,	0,0,	0,1234,0,0,10000
3556442,1792,4,0,0,0,123,123,30000,0,	0,0,	0,1234,0,0,10000
3556505,1793,5,0,0,0,123,123,30000,0,	0,0,	0,1234,0,0,10000
ts,seq,#ID,S,V,I,Vp,Ip,per,VA,W,VAE,WE,PF,0,0,StatusCode
3566155,1794,0,1,566231,22256,7287,88837,16405,81,	94,817,	945,10515,0,0,10
3566241,1795,1,1,584816,1353,7399,7066,16403,5,	0,49,	0,0,0,0,14
3566311,1796,2,0,0,0,123,123,30000,0,	0,0,	0,1234,0,0,10000
3566374,1797,3,0,0,0,123,123,30000,0,	0,0,	0,1234,0,0,10000
3566438,1798,4,0,0,0,123,123,30000,0,	0,0,	0,1234,0,0,10000
3566501,1799,5,0,0,0,123,123,30000,0,	0,0,	0,1234,0,0,10000
ts,seq,#ID,S,V,I,Vp,Ip,per,VA,W,VAE,WE,PF,0,0,StatusCode
3576152,1800,0,1,569724,22510,7288,87068,16403,82,	95,817,	945,10387,0,0,0
3576238,1801,1,1,584130,1312,7389,8372,16403,5,	0,49,	0,0,0,0,14
3576305,1802,2,0,0,0,123,123,30000,0,	0,0,	0,1234,0,0,10000
3576371,1803,3,0,0,0,123,123,30000,0,	0,0,	0,1234,0,0,10000
3576434,1804,4,0,0,0,123,123,30000,0,	0,0,	0,1234,0,0,10000
3576498,1805,5,0,0,0,123,123,30000,0,	0,0,	0,1234,0,0,10000
ts,seq,#ID,S,V,I,Vp,Ip,per,VA,W,VAE,WE,PF,0,0,StatusCode
3586150,1806,0,1,568917,22357,7302,87285,16407,82,	95,821,	950,10387,0,0,10
3586236,1807,1,1,588067,1363,7397,7656,16405,5,	0,49,	0,0,0,0,14
3586306,1808,2,0,0,0,123,123,30000,0,	0,0,	0,1234,0,0,10000
3586369,1809,3,0,0,0,123,123,30000,0,	0,0,	0,1234,0,0,10000
3586433,1810,4,0,0,0,123,123,30000,0,	0,0,	0,1234,0,0,10000
3586496,1811,5,0,0,0,123,123,30000,0,	0,0,	0,1234,0,0,10000
ts,seq,#ID,S,V,I,Vp,Ip,per,VA,W,VAE,WE,PF,0,0,StatusCode
3596148,1812,0,1,569800,22535,7281,86581,16420,82,	96,822,	952,11186,0,0,10
3596234,1813,1,1,588002,1343,7407,7889,16403,5,	0,50,	0,0,0,0,14
3596304,1814,2,0,0,0,123,123,30000,0,	0,0,	0,1234,0,0,10000
3596367,1815,3,0,0,0,123,123,30000,0,	0,0,	0,1234,0,0,10000
3596431,1816,4,0,0,0,123,123,30000,0,	0,0,	0,1234,0,0,10000
3596494,1817,5,0,0,0,123,123,30000,0,	0,0,	0,1234,0,0,10000
ts,seq,#ID,S,V,I,Vp,Ip,per,VA,W,VAE,WE,PF,0,0,StatusCode
3606145,1818,0,1,567985,22376,7298,87854,16405,83,	95,822,	951,9472,0,0,10
3606228,1819,1,1,583048,1363,7404,7174,16403,5,	0,49,	0,0,0,0,14
3606298,1820,2,0,0,0,123,123,30000,0,	0,0,	0,1234,0,0,10000
3606362,1821,3,0,0,0,123,123,30000,0,	0,0,	0,1234,0,0,10000
3606425,1822,4,0,0,0,123,123,30000,0,	0,0,	0,1234,0,0,10000
3606489,1823,5,0,0,0,123,123,30000,0,	0,0,	0,1234,0,0,10000
ts,seq,#ID,S,V,I,Vp,Ip,per,VA,W,VAE,WE,PF,0,0,StatusCode
3616141,1824,0,1,567648,22475,7287,87636,16405,82,	95,820,	949,10387,0,0,10
3616227,1825,1,1,587555,1379,7392,7694,16403,5,	0,49,	0,0,0,0,14
3616294,1826,2,0,0,0,123,123,30000,0,	0,0,	0,1234,0,0,10000
3616358,1827,3,0,0,0,123,123,30000,0,	0,0,	0,1234,0,0,10000
3616421,1828,4,0,0,0,123,123,30000,0,	0,0,	0,1234,0,0,10000
3616485,1829,5,0,0,0,123,123,30000,0,	0,0,	0,1234,0,0,10000
ts,seq,#ID,S,V,I,Vp,Ip,per,VA,W,VAE,WE,PF,0,0,StatusCode
3626137,1830,0,1,568364,22501,7291,86274,16405,82,	95,820,	950,10387,0,0,10
3626223,1831,1,1,589010,1352,7396,7868,16405,5,	0,49,	0,0,0,0,14
3626291,1832,2,0,0,0,123,123,30000,0,	0,0,	0,1234,0,0,10000
3626354,1833,3,0,0,0,123,123,30000,0,	0,0,	0,1234,0,0,10000
3626420,1834,4,0,0,0,123,123,30000,0,	0,0,	0,1234,0,0,10000
3626483,1835,5,0,0,0,123,123,30000,0,	0,0,	0,1234,0,0,10000
ts,seq,#ID,S,V,I,Vp,Ip,per,VA,W,VAE,WE,PF,0,0,StatusCode
3636131,1836,0,1,569068,22506,7305,87602,16403,82,	95,822,	951,10387,0,0,0
3636217,1837,1,1,585219,1299,7399,8143,16403,5,	0,49,	0,0,0,0,14
3636285,1838,2,0,0,0,123,123,30000,0,	0,0,	0,1234,0,0,10000
3636348,1839,3,0,0,0,123,123,30000,0,	0,0,	0,1234,0,0,10000
3636412,1840,4,0,0,0,123,123,30000,0,	0,0,	0,1234,0,0,10000
3636475,1841,5,0,0,0,123,123,30000,0,	0,0,	0,1234,0,0,10000
ts,seq,#ID,S,V,I,Vp,Ip,per,VA,W,VAE,WE,PF,0,0,StatusCode
3646128,1842,0,1,570687,22384,7295,88558,16403,82,	95,823,	953,10387,0,0,10
3646214,1843,1,1,590164,1374,7400,7600,16403,5,	0,49,	0,0,0,0,14
3646283,1844,2,0,0,0,123,123,30000,0,	0,0,	0,1234,0,0,10000
3646347,1845,3,0,0,0,123,123,30000,0,	0,0,	0,1234,0,0,10000
3646410,1846,4,0,0,0,123,123,30000,0,	0,0,	0,1234,0,0,10000
3646474,1847,5,0,0,0,123,123,30000,0,	0,0,	0,1234,0,0,10000
ts,seq,#ID,S,V,I,Vp,Ip,per,VA,W,VAE,WE,PF,0,0,StatusCode
3656122,1848,0,1,569389,22598,7286,88009,16403,82,	95,824,	953,10387,0,0,0
3656208,1849,1,1,583525,1345,7401,6974,16401,5,	0,49,	0,0,0,0,14
3656275,1850,2,0,0,0,123,123,30000,0,	0,0,	0,1234,0,0,10000
3656339,1851,3,0,0,0,123,123,30000,0,	0,0,	0,1234,0,0,10000
3656402,1852,4,0,0,0,123,123,30000,0,	0,0,	0,1234,0,0,10000
3656466,1853,5,0,0,0,123,123,30000,0,	0,0,	0,1234,0,0,10000
ts,seq,#ID,S,V,I,Vp,Ip,per,VA,W,VAE,WE,PF,0,0,StatusCode
3666118,1854,0,1,569078,22494,7302,88035,16405,82,	96,824,	953,11186,0,0,10
3666204,1855,1,1,589968,1343,7397,8015,16403,5,	0,49,	0,0,0,0,14
3666274,1856,2,0,0,0,123,123,30000,0,	0,0,	0,1234,0,0,10000
3666337,1857,3,0,0,0,123,123,30000,0,	0,0,	0,1234,0,0,10000
3666401,1858,4,0,0,0,123,123,30000,0,	0,0,	0,1234,0,0,10000
3666464,1859,5,0,0,0,123,123,30000,0,	0,0,	0,1234,0,0,10000
ts,seq,#ID,S,V,I,Vp,Ip,per,VA,W,VAE,WE,PF,0,0,StatusCode
3676114,1860,0,1,568653,22469,7293,87513,16405,82,	95,822,	952,10387,0,0,0
3676198,1861,1,1,584632,1345,7398,7969,16403,5,	0,50,	0,0,0,0,14
3676268,1862,2,0,0,0,123,123,30000,0,	0,0,	0,1234,0,0,10000
3676332,1863,3,0,0,0,123,123,30000,0,	0,0,	0,1234,0,0,10000
3676395,1864,4,0,0,0,123,123,30000,0,	0,0,	0,1234,0,0,10000
3676459,1865,5,0,0,0,123,123,30000,0,	0,0,	0,1234,0,0,10000
ts,seq,#ID,S,V,I,Vp,Ip,per,VA,W,VAE,WE,PF,0,0,StatusCode
3686111,1866,0,1,568699,22584,7315,87018,16403,82,	95,823,	952,10387,0,0,10
3686197,1867,1,1,588270,1322,7401,8709,16405,5,	0,49,	0,0,0,0,14
3686264,1868,2,0,0,0,123,123,30000,0,	0,0,	0,1234,0,0,10000
3686328,1869,3,0,0,0,123,123,30000,0,	0,0,	0,1234,0,0,10000
3686391,1870,4,0,0,0,123,123,30000,0,	0,0,	0,1234,0,0,10000
3686455,1871,5,0,0,0,123,123,30000,0,	0,0,	0,1234,0,0,10000
ts,seq,#ID,S,V,I,Vp,Ip,per,VA,W,VAE,WE,PF,0,0,StatusCode
3696107,1872,0,1,568358,22380,7256,88368,16403,82,	95,824,	954,10387,0,0,0
3696193,1873,1,1,584516,1353,7404,7305,16403,4,	0,49,	0,0,0,0,14
3696261,1874,2,0,0,0,123,123,30000,0,	0,0,	0,1234,0,0,10000
3696324,1875,3,0,0,0,123,123,30000,0,	0,0,	0,1234,0,0,10000
3696388,1876,4,0,0,0,123,123,30000,0,	0,0,	0,1234,0,0,10000
3696451,1877,5,0,0,0,123,123,30000,0,	0,0,	0,1234,0,0,10000
ts,seq,#ID,S,V,I,Vp,Ip,per,VA,W,VAE,WE,PF,0,0,StatusCode
3706103,1878,0,1,568352,22683,7306,87625,16405,82,	95,824,	954,10387,0,0,10
3706189,1879,1,1,588809,1293,7403,7856,16403,5,	0,49,	0,0,0,0,14
3706259,1880,2,0,0,0,123,123,30000,0,	0,0,	0,1234,0,0,10000
3706322,1881,3,0,0,0,123,123,30000,0,	0,0,	0,1234,0,0,10000
3706386,1882,4,0,0,0,123,123,30000,0,	0,0,	0,1234,0,0,10000
3706449,1883,5,0,0,0,123,123,30000,0,	0,0,	0,1234,0,0,10000
ts,seq,#ID,S,V,I,Vp,Ip,per,VA,W,VAE,WE,PF,0,0,StatusCode
3716100,1884,0,1,569513,22546,7320,88897,16403,82,	96,826,	955,11186,0,0,0
3716186,1885,1,1,585575,1293,7405,6740,16403,5,	0,49,	0,0,0,0,14
3716253,1886,2,0,0,0,123,123,30000,0,	0,0,	0,1234,0,0,10000
3716317,1887,3,0,0,0,123,123,30000,0,	0,0,	0,1234,0,0,10000
3716380,1888,4,0,0,0,123,123,30000,0,	0,0,	0,1234,0,0,10000
3716444,1889,5,0,0,0,123,123,30000,0,	0,0,	0,1234,0,0,10000
ts,seq,#ID,S,V,I,Vp,Ip,per,VA,W,VAE,WE,PF,0,0,StatusCode
3726096,1890,0,1,570090,22614,7308,87630,16403,82,	96,825,	955,11186,0,0,10
3726182,1891,1,1,589692,1314,7407,7118,16403,5,	0,49,	0,0,0,0,14
3726249,1892,2,0,0,0,123,123,30000,0,	0,0,	0,1234,0,0,10000
3726313,1893,3,0,0,0,123,123,30000,0,	0,0,	0,1234,0,0,10000
3726379,1894,4,0,0,0,123,123,30000,0,	0,0,	0,1234,0,0,10000
3726442,1895,5,0,0,0,123,123,30000,0,	0,0,	0,1234,0,0,10000
ts,seq,#ID,S,V,I,Vp,Ip,per,VA,W,VAE,WE,PF,0,0,StatusCode
3736092,1896,0,1,571596,22935,7318,87908,16405,82,	96,824,	955,11186,0,0,0
3736176,1897,1,1,586186,1333,7408,7217,16403,5,	0,50,	0,0,0,0,14
3736246,1898,2,0,0,0,123,123,30000,0,	0,0,	0,1234,0,0,10000
3736309,1899,3,0,0,0,123,123,30000,0,	0,0,	0,1234,0,0,10000
3736373,1900,4,0,0,0,123,123,30000,0,	0,0,	0,1234,0,0,10000
3736436,1901,5,0,0,0,123,123,30000,0,	0,0,	0,1234,0,0,10000
