306423,410,0,1,VRMS,559413,IRMS,7168,W,5,WE,5,10
307423,420,0,1,VRMS,559051,IRMS,7404,W,11,WE,11,10
308422,430,0,1,VRMS,559865,IRMS,7396,W,10,WE,10,0
309422,440,0,1,VRMS,559301,IRMS,7322,W,11,WE,11,10
310421,450,0,1,VRMS,558904,IRMS,7433,W,10,WE,10,10
311420,460,0,1,VRMS,559380,IRMS,6780,W,11,WE,11,10
312420,470,0,1,VRMS,558128,IRMS,7359,W,10,WE,10,10
313419,480,0,1,VRMS,559582,IRMS,7128,W,11,WE,11,0
314421,490,0,1,VRMS,558709,IRMS,7398,W,11,WE,11,10
315420,500,0,1,VRMS,559685,IRMS,7237,W,10,WE,10,10
316420,510,0,1,VRMS,559291,IRMS,7329,W,11,WE,11,10
317419,520,0,1,VRMS,559149,IRMS,7444,W,10,WE,10,10
318418,530,0,1,VRMS,559321,IRMS,7377,W,11,WE,11,10
319418,540,0,1,VRMS,559615,IRMS,7421,W,10,WE,10,10
320417,550,0,1,VRMS,558845,IRMS,6856,W,11,WE,11,10
321417,560,0,1,VRMS,559205,IRMS,7431,W,11,WE,11,10
322416,570,0,1,VRMS,560112,IRMS,7022,W,10,WE,10,0
323416,580,0,1,VRMS,559795,IRMS,7585,W,11,WE,11,10
324417,590,0,1,VRMS,559072,IRMS,7240,W,10,WE,10,10
325416,600,0,1,VRMS,561198,IRMS,7456,W,11,WE,11,10
326416,610,0,1,VRMS,559295,IRMS,7406,W,10,WE,10,10
327415,620,0,1,VRMS,561124,IRMS,7438,W,11,WE,11,10
328415,630,0,1,VRMS,559106,IRMS,7445,W,11,WE,11,10
329414,640,0,1,VRMS,560676,IRMS,6965,W,10,WE,10,0
330414,650,0,1,VRMS,560330,IRMS,7405,W,11,WE,11,0
331413,660,0,1,VRMS,559458,IRMS,6936,W,10,WE,10,10
332412,670,0,1,VRMS,560451,IRMS,7530,W,11,WE,11,10
333412,680,0,1,VRMS,558930,IRMS,7213,W,10,WE,10,10
334411,690,0,1,VRMS,560547,IRMS,7312,W,11,WE,11,10
335413,700,0,1,VRMS,559391,IRMS,7296,W,11,WE,11,10
336412,710,0,1,VRMS,559690,IRMS,7311,W,10,WE,10,0
337412,720,0,1,VRMS,560164,IRMS,7421,W,11,WE,11,0
338411,730,0,1,VRMS,559027,IRMS,7149,W,10,WE,10,10
339410,740,0,1,VRMS,559788,IRMS,7151,W,11,WE,11,10
340410,750,0,1,VRMS,559483,IRMS,6935,W,11,WE,11,10
341409,760,0,1,VRMS,559575,IRMS,7244,W,10,WE,10,10
342411,770,0,1,VRMS,560054,IRMS,7229,W,11,WE,11,10
343410,780,0,1,VRMS,558851,IRMS,7301,W,10,WE,10,10
344410,790,0,1,VRMS,559714,IRMS,7300,W,11,WE,11,10
345409,800,0,1,VRMS,558420,IRMS,7269,W,10,WE,10,0
346408,810,0,1,VRMS,560556,IRMS,7432,W,11,WE,11,10
347408,820,0,1,VRMS,558279,IRMS,7196,W,11,WE,11,10
348409,830,0,1,VRMS,559780,IRMS,7176,W,10,WE,10,10
349409,840,0,1,VRMS,559011,IRMS,6945,W,11,WE,11,10
350408,850,0,1,VRMS,558194,IRMS,7284,W,10,WE,10,10
351408,860,0,1,VRMS,559369,IRMS,7179,W,11,WE,11,10
352407,870,0,1,VRMS,559021,IRMS,7290,W,10,WE,10,10
353409,880,0,1,VRMS,559751,IRMS,7351,W,11,WE,11,10
354408,890,0,1,VRMS,559836,IRMS,7319,W,11,WE,11,10
355407,900,0,1,VRMS,559351,IRMS,7490,W,10,WE,10,0
356407,910,0,1,VRMS,561144,IRMS,6945,W,11,WE,11,10
357408,920,0,1,VRMS,560248,IRMS,7494,W,11,WE,11,10
358408,930,0,1,VRMS,559591,IRMS,6973,W,10,WE,10,10
359407,940,0,1,VRMS,560866,IRMS,7568,W,11,WE,11,10
360407,950,0,1,VRMS,560058,IRMS,7248,W,10,WE,10,10
361406,960,0,1,VRMS,559595,IRMS,7334,W,11,WE,11,10
362405,970,0,1,VRMS,559811,IRMS,7425,W,10,WE,10,10
363405,980,0,1,VRMS,559494,IRMS,7244,W,11,WE,11,10
364406,990,0,1,VRMS,560999,IRMS,7252,W,10,WE,10,0
365406,1000,0,1,VRMS,559782,IRMS,6946,W,11,WE,11,0
366405,1010,0,1,VRMS,559337,IRMS,7320,W,10,WE,10,10
367405,1020,0,1,VRMS,559756,IRMS,7187,W,11,WE,11,10
368404,1030,0,1,VRMS,560812,IRMS,7392,W,11,WE,11,10
369403,1040,0,1,VRMS,560513,IRMS,7416,W,10,WE,10,0
370403,1050,0,1,VRMS,561131,IRMS,7380,W,11,WE,11,0
371402,1060,0,1,VRMS,560268,IRMS,7534,W,11,WE,11,10
372402,1070,0,1,VRMS,561308,IRMS,6929,W,10,WE,10,10
373401,1080,0,1,VRMS,559590,IRMS,7442,W,11,WE,11,10
374401,1090,0,1,VRMS,560133,IRMS,6923,W,10,WE,10,10
375400,1100,0,1,VRMS,560526,IRMS,7659,W,11,WE,11,10
376401,1110,0,1,VRMS,559333,IRMS,7133,W,10,WE,10,10
377401,1120,0,1,VRMS,552478,IRMS,9109,W,12,WE,12,10
377475,1121,1,1,VRMS,556712,IRMS,1688753,W,4005,WE,4031,10
378400,1130,0,1,VRMS,550470,IRMS,8684,W,12,WE,12,0
378474,1131,1,1,VRMS,557471,IRMS,1688245,W,7322,WE,7320,10
379400,1140,0,1,VRMS,552249,IRMS,8935,W,13,WE,13,10
379473,1141,1,1,VRMS,556197,IRMS,1681447,W,7312,WE,7311,10
380399,1150,0,1,VRMS,550178,IRMS,8973,W,13,WE,13,10
380473,1151,1,1,VRMS,557378,IRMS,1679924,W,7295,WE,7296,10
381399,1160,0,1,VRMS,552702,IRMS,7944,W,12,WE,12,10
381474,1161,1,1,VRMS,557559,IRMS,1672616,W,7271,WE,7273,10
382398,1170,0,1,VRMS,551774,IRMS,8953,W,13,WE,13,10
382474,1171,1,1,VRMS,557202,IRMS,1665610,W,7237,WE,7234,10
383397,1180,0,1,VRMS,551981,IRMS,8112,W,12,WE,12,10
383473,1181,1,1,VRMS,557439,IRMS,1658653,W,7211,WE,7211,10
384397,1190,0,1,VRMS,552659,IRMS,9208,W,12,WE,12,10
384473,1191,1,1,VRMS,557494,IRMS,1651484,W,7175,WE,7176,10
385398,1200,0,1,VRMS,550846,IRMS,8407,W,13,WE,13,10
385472,1201,1,1,VRMS,557756,IRMS,1646189,W,7151,WE,7152,10
386398,1210,0,1,VRMS,553388,IRMS,9058,W,12,WE,12,0
386471,1211,1,1,VRMS,557572,IRMS,1642282,W,7135,WE,7134,10
387397,1220,0,1,VRMS,550579,IRMS,8649,W,13,WE,13,0
387473,1221,1,1,VRMS,558291,IRMS,1639106,W,7120,WE,7122,10
388397,1230,0,1,VRMS,554074,IRMS,8808,W,12,WE,12,10
388470,1231,1,1,VRMS,558177,IRMS,1639986,W,7126,WE,7122,10
389396,1240,0,1,VRMS,551886,IRMS,8880,W,13,WE,13,10
389472,1241,1,1,VRMS,557948,IRMS,1636550,W,7118,WE,7119,10
390395,1250,0,1,VRMS,550784,IRMS,7841,W,12,WE,12,10
390471,1251,1,1,VRMS,557848,IRMS,1635436,W,7105,WE,7105,10
S 1 0
391395,1260,0,1,VRMS,560531,IRMS,7950,W,12,WE,12,10
392396,1270,0,1,VRMS,560505,IRMS,7048,W,10,WE,10,10
393396,1280,0,1,VRMS,558761,IRMS,7430,W,11,WE,11,0
394395,1290,0,1,VRMS,560857,IRMS,7248,W,10,WE,10,10
395395,1300,0,1,VRMS,559352,IRMS,7298,W,11,WE,11,10
396394,1310,0,1,VRMS,559420,IRMS,7431,W,11,WE,11,0
397395,1320,0,1,VRMS,559037,IRMS,7241,W,10,WE,10,10
398395,1330,0,1,VRMS,561276,IRMS,7185,W,10,WE,10,10
399394,1340,0,1,VRMS,559251,IRMS,7005,W,11,WE,11,10
S 1 1
400394,1350,0,1,VRMS,550923,IRMS,8727,W,11,WE,11,10
400470,1351,1,1,VRMS,557644,IRMS,1659933,W,3427,WE,3452,10
401395,1360,0,1,VRMS,552340,IRMS,8356,W,13,WE,13,10
401469,1361,1,1,VRMS,557870,IRMS,1648306,W,7169,WE,7170,10
402395,1370,0,1,VRMS,550875,IRMS,8841,W,12,WE,12,0
402468,1371,1,1,VRMS,557131,IRMS,1642660,W,7142,WE,7139,10
403394,1380,0,1,VRMS,551257,IRMS,8546,W,13,WE,13,10
403470,1381,1,1,VRMS,557364,IRMS,1638138,W,7119,WE,7119,10
404393,1390,0,1,VRMS,551337,IRMS,8782,W,12,WE,12,0
404469,1391,1,1,VRMS,557961,IRMS,1635656,W,7104,WE,7107,10
405395,1400,0,1,VRMS,552220,IRMS,8831,W,13,WE,13,0
405469,1401,1,1,VRMS,557883,IRMS,1634049,W,7101,WE,7100,10
406394,1410,0,1,VRMS,551123,IRMS,8256,W,12,WE,12,10
406468,1411,1,1,VRMS,557113,IRMS,1631393,W,7084,WE,7081,10
407394,1420,0,1,VRMS,552706,IRMS,8731,W,13,WE,13,10
407470,1421,1,1,VRMS,557906,IRMS,1631233,W,7081,WE,7084,10
408393,1430,0,1,VRMS,551761,IRMS,8017,W,12,WE,12,10
408469,1431,1,1,VRMS,558043,IRMS,1630326,W,7080,WE,7079,10
409395,1440,0,1,VRMS,552344,IRMS,9173,W,13,WE,13,10
409468,1441,1,1,VRMS,557859,IRMS,1629338,W,7077,WE,7077,10
410394,1450,0,1,VRMS,551713,IRMS,8320,W,12,WE,12,10
410470,1451,1,1,VRMS,558088,IRMS,1628184,W,7077,WE,7078,10
411394,1460,0,1,VRMS,553797,IRMS,9039,W,13,WE,13,10
411469,1461,1,1,VRMS,557549,IRMS,1628247,W,7069,WE,7067,10
412393,1470,0,1,VRMS,550493,IRMS,8735,W,12,WE,12,10
412469,1471,1,1,VRMS,557669,IRMS,1627461,W,7072,WE,7071,10
413394,1480,0,1,VRMS,552998,IRMS,8806,W,13,WE,13,0
413468,1481,1,1,VRMS,557430,IRMS,1626379,W,7064,WE,7064,10
414394,1490,0,1,VRMS,551542,IRMS,8830,W,12,WE,12,10
414470,1491,1,1,VRMS,557643,IRMS,1626467,W,7066,WE,7066,10
415393,1500,0,1,VRMS,550714,IRMS,7832,W,13,WE,13,0
415469,1501,1,1,VRMS,557628,IRMS,1626302,W,7063,WE,7063,10
416395,1510,0,1,VRMS,553106,IRMS,8873,W,12,WE,12,0
416468,1511,1,1,VRMS,558483,IRMS,1625631,W,7064,WE,7067,10
417394,1520,0,1,VRMS,551575,IRMS,8135,W,13,WE,13,10
417468,1521,1,1,VRMS,557547,IRMS,1625270,W,7062,WE,7060,10
418394,1530,0,1,VRMS,552649,IRMS,9092,W,12,WE,12,0
418469,1531,1,1,VRMS,557998,IRMS,1624738,W,7057,WE,7057,10
419395,1540,0,1,VRMS,551872,IRMS,8431,W,13,WE,13,10
419469,1541,1,1,VRMS,557502,IRMS,1623607,W,7050,WE,7051,10
420395,1550,0,1,VRMS,552187,IRMS,9040,W,12,WE,12,10
420468,1551,1,1,VRMS,558008,IRMS,1624433,W,7054,WE,7053,10
421394,1560,0,1,VRMS,552165,IRMS,8762,W,12,WE,12,10
421470,1561,1,1,VRMS,557998,IRMS,1624216,W,7057,WE,7058,10
422393,1570,0,1,VRMS,552083,IRMS,8815,W,13,WE,13,10
422469,1571,1,1,VRMS,558114,IRMS,1624078,W,7058,WE,7058,10
423395,1580,0,1,VRMS,552211,IRMS,8881,W,12,WE,13,10
423469,1581,1,1,VRMS,558013,IRMS,1623717,W,7053,WE,7054,10
424394,1590,0,1,VRMS,551742,IRMS,7849,W,13,WE,12,10
424470,1591,1,1,VRMS,558588,IRMS,1624569,W,7060,WE,7060,10
425394,1600,0,1,VRMS,552079,IRMS,8885,W,13,WE,13,10
425469,1601,1,1,VRMS,557763,IRMS,1623289,W,7054,WE,7052,10
426393,1610,0,1,VRMS,551818,IRMS,8150,W,12,WE,12,0
426469,1611,1,1,VRMS,557748,IRMS,1623041,W,7051,WE,7052,10
427395,1620,0,1,VRMS,552729,IRMS,9151,W,13,WE,13,0
427468,1621,1,1,VRMS,558057,IRMS,1623606,W,7053,WE,7051,10
428394,1630,0,1,VRMS,552433,IRMS,8467,W,12,WE,12,10
428468,1631,1,1,VRMS,558576,IRMS,1623640,W,7057,WE,7060,10
429393,1640,0,1,VRMS,553623,IRMS,9133,W,13,WE,13,10
429469,1641,1,1,VRMS,558854,IRMS,1623675,W,7055,WE,7055,10
430393,1650,0,1,VRMS,551511,IRMS,8725,W,12,WE,12,10
430469,1651,1,1,VRMS,557924,IRMS,1623406,W,7058,WE,7056,10
431392,1660,0,1,VRMS,553229,IRMS,8869,W,13,WE,13,10
431468,1661,1,1,VRMS,558077,IRMS,1623166,W,7052,WE,7053,10
432394,1670,0,1,VRMS,551902,IRMS,8879,W,12,WE,12,10
432467,1671,1,1,VRMS,558615,IRMS,1624175,W,7059,WE,7059,10
433393,1680,0,1,VRMS,552746,IRMS,7873,W,12,WE,12,10
433467,1681,1,1,VRMS,557983,IRMS,1622984,W,7057,WE,7057,10
434393,1690,0,1,VRMS,552897,IRMS,8975,W,13,WE,13,10
434468,1691,1,1,VRMS,558678,IRMS,1623154,W,7054,WE,7056,10
435392,1700,0,1,VRMS,551916,IRMS,8043,W,12,WE,12,0
435468,1701,1,1,VRMS,557795,IRMS,1622492,W,7050,WE,7047,10
436391,1710,0,1,VRMS,552928,IRMS,9227,W,13,WE,13,0
436467,1711,1,1,VRMS,557878,IRMS,1622580,W,7048,WE,7049,10
437391,1720,0,1,VRMS,551622,IRMS,8353,W,12,WE,12,10
437467,1721,1,1,VRMS,558196,IRMS,1622652,W,7047,WE,7047,10
438392,1730,0,1,VRMS,552438,IRMS,9143,W,13,WE,13,10
438466,1731,1,1,VRMS,557861,IRMS,1621349,W,7046,WE,7046,10
439392,1740,0,1,VRMS,551733,IRMS,8628,W,12,WE,12,10
439465,1741,1,1,VRMS,558099,IRMS,1622815,W,7048,WE,7047,10
440391,1750,0,1,VRMS,553742,IRMS,9007,W,13,WE,13,10
440467,1751,1,1,VRMS,558560,IRMS,1622473,W,7049,WE,7051,10
441391,1760,0,1,VRMS,552066,IRMS,8852,W,12,WE,12,10
441466,1761,1,1,VRMS,558508,IRMS,1622240,W,7042,WE,7042,10
442390,1770,0,1,VRMS,553037,IRMS,8105,W,13,WE,13,10
442466,1771,1,1,VRMS,558058,IRMS,1622488,W,7047,WE,7045,10
443389,1780,0,1,VRMS,553069,IRMS,8809,W,13,WE,13,10
443465,1781,1,1,VRMS,557871,IRMS,1622210,W,7047,WE,7047,10
444389,1790,0,1,VRMS,551791,IRMS,7998,W,12,WE,12,0
444465,1791,1,1,VRMS,557775,IRMS,1620212,W,7040,WE,7041,10
445390,1800,0,1,VRMS,551696,IRMS,9071,W,13,WE,13,10
445464,1801,1,1,VRMS,556898,IRMS,1618318,W,7013,WE,7014,10
446390,1810,0,1,VRMS,550137,IRMS,8366,W,12,WE,12,10
446464,1811,1,1,VRMS,556986,IRMS,1618640,W,7017,WE,7015,10
447389,1820,0,1,VRMS,552399,IRMS,8873,W,12,WE,12,10
447463,1821,1,1,VRMS,557285,IRMS,1621199,W,7032,WE,7032,10
448389,1830,0,1,VRMS,551834,IRMS,8634,W,13,WE,13,10
448462,1831,1,1,VRMS,558133,IRMS,1621300,W,7042,WE,7043,10
449388,1840,0,1,VRMS,551744,IRMS,8870,W,12,WE,12,10
449462,1841,1,1,VRMS,556728,IRMS,1618961,W,7026,WE,7023,10
450387,1850,0,1,VRMS,552156,IRMS,8726,W,13,WE,13,10
450463,1851,1,1,VRMS,558088,IRMS,1620824,W,7037,WE,7040,10
451387,1860,0,1,VRMS,550065,IRMS,8474,W,12,WE,12,10
451463,1861,1,1,VRMS,557705,IRMS,1621109,W,7040,WE,7038,10
452388,1870,0,1,VRMS,553455,IRMS,8535,W,13,WE,13,0
452462,1871,1,1,VRMS,557832,IRMS,1619895,W,7036,WE,7038,10
S 1 0
453386,1880,0,1,VRMS,559475,IRMS,7298,W,12,WE,12,10
454387,1890,0,1,VRMS,559317,IRMS,7290,W,10,WE,10,10
455387,1900,0,1,VRMS,560267,IRMS,7100,W,11,WE,11,10
456386,1910,0,1,VRMS,559550,IRMS,7530,W,10,WE,10,10
457385,1920,0,1,VRMS,558558,IRMS,7187,W,11,WE,11,10
458385,1930,0,1,VRMS,560773,IRMS,7455,W,11,WE,11,10
459386,1940,0,1,VRMS,559378,IRMS,7381,W,10,WE,10,10
S 1 1
460386,1950,0,1,VRMS,553249,IRMS,8970,W,12,WE,12,10
460462,1951,1,1,VRMS,558347,IRMS,1634573,W,3889,WE,3914,10
461385,1960,0,1,VRMS,551980,IRMS,8850,W,12,WE,12,0
461461,1961,1,1,VRMS,558336,IRMS,1630126,W,7088,WE,7088,10
462385,1970,0,1,VRMS,551853,IRMS,8293,W,12,WE,12,0
462460,1971,1,1,VRMS,557861,IRMS,1627589,W,7076,WE,7073,10
463386,1980,0,1,VRMS,551122,IRMS,8614,W,13,WE,13,10
463460,1981,1,1,VRMS,557903,IRMS,1625829,W,7065,WE,7067,10
464386,1990,0,1,VRMS,552815,IRMS,7981,W,13,WE,13,0
464459,1991,1,1,VRMS,558657,IRMS,1625992,W,7066,WE,7066,10
465385,2000,0,1,VRMS,552060,IRMS,8636,W,12,WE,12,10
465461,2001,1,1,VRMS,558884,IRMS,1624856,W,7065,WE,7066,10
466384,2010,0,1,VRMS,552586,IRMS,8388,W,13,WE,13,10
466460,2011,1,1,VRMS,558077,IRMS,1624613,W,7060,WE,7058,10
467386,2020,0,1,VRMS,551933,IRMS,8838,W,12,WE,12,10
467460,2021,1,1,VRMS,558662,IRMS,1623944,W,7062,WE,7063,10
468385,2030,0,1,VRMS,552601,IRMS,8558,W,13,WE,13,10
468459,2031,1,1,VRMS,558500,IRMS,1623747,W,7057,WE,7058,10
469385,2040,0,1,VRMS,552538,IRMS,8879,W,12,WE,12,10
469460,2041,1,1,VRMS,558759,IRMS,1623447,W,7057,WE,7056,10
470384,2050,0,1,VRMS,553091,IRMS,8796,W,13,WE,13,0
470460,2051,1,1,VRMS,558585,IRMS,1623333,W,7057,WE,7058,10
471386,2060,0,1,VRMS,553247,IRMS,8846,W,12,WE,13,10
471459,2061,1,1,VRMS,558868,IRMS,1624136,W,7062,WE,7062,10
S 0 0
472459,2071,1,1,VRMS,558864,IRMS,1624564,W,7067,WE,7065,10
473460,2081,1,1,VRMS,558365,IRMS,1623572,W,7063,WE,7063,10
S 1 0
S 1 0
S 1 1
484458,2191,1,1,VRMS,557595,IRMS,1636214,W,3898,WE,3920,10
485459,2201,1,1,VRMS,558507,IRMS,1631695,W,7091,WE,7094,10
S 0 1
486383,2210,0,1,VRMS,552059,IRMS,8018,W,7,WE,8,10
486459,2211,1,1,VRMS,557879,IRMS,1629837,W,7085,WE,7082,10
487383,2220,0,1,VRMS,551376,IRMS,8739,W,13,WE,12,10
487458,2221,1,1,VRMS,558447,IRMS,1627679,W,7077,WE,7079,10
488384,2230,0,1,VRMS,552811,IRMS,8197,W,12,WE,13,10
488458,2231,1,1,VRMS,558574,IRMS,1627079,W,7073,WE,7074,10
489383,2240,0,1,VRMS,553549,IRMS,9157,W,13,WE,12,10
489459,2241,1,1,VRMS,558210,IRMS,1625531,W,7068,WE,7068,10
490383,2250,0,1,VRMS,552143,IRMS,8393,W,12,WE,12,0
490459,2251,1,1,VRMS,558311,IRMS,1623776,W,7058,WE,7057,10
491384,2260,0,1,VRMS,552981,IRMS,8833,W,13,WE,13,10
491458,2261,1,1,VRMS,557090,IRMS,1622748,W,7051,WE,7050,10
492384,2270,0,1,VRMS,552251,IRMS,8551,W,12,WE,12,0
492457,2271,1,1,VRMS,557748,IRMS,1621753,W,7044,WE,7045,10
493383,2280,0,1,VRMS,550338,IRMS,8742,W,13,WE,13,0
493459,2281,1,1,VRMS,557943,IRMS,1621503,W,7040,WE,7041,10
494383,2290,0,1,VRMS,552147,IRMS,8724,W,12,WE,13,10
494458,2291,1,1,VRMS,557020,IRMS,1620885,W,7037,WE,7034,10
495384,2300,0,1,VRMS,551862,IRMS,8682,W,13,WE,12,10
495458,2301,1,1,VRMS,556843,IRMS,1620477,W,7031,WE,7031,10
496384,2310,0,1,VRMS,551907,IRMS,8881,W,13,WE,13,10
496457,2311,1,1,VRMS,557500,IRMS,1619405,W,7029,WE,7031,10
497383,2320,0,1,VRMS,552686,IRMS,7937,W,12,WE,12,10
497459,2321,1,1,VRMS,557488,IRMS,1619269,W,7024,WE,7025,10
498382,2330,0,1,VRMS,551555,IRMS,8836,W,13,WE,13,10
498458,2331,1,1,VRMS,557341,IRMS,1619303,W,7025,WE,7024,10
499384,2340,0,1,VRMS,550762,IRMS,8040,W,12,WE,12,10
499458,2341,1,1,VRMS,557393,IRMS,1619152,W,7027,WE,7027,10
500383,2350,0,1,VRMS,552852,IRMS,8953,W,12,WE,12,10
500459,2351,1,1,VRMS,557852,IRMS,1620434,W,7035,WE,7036,10
501383,2360,0,1,VRMS,551103,IRMS,8392,W,13,WE,13,10
501458,2361,1,1,VRMS,558019,IRMS,1621845,W,7047,WE,7044,10
502384,2370,0,1,VRMS,551962,IRMS,8892,W,12,WE,12,10
502458,2371,1,1,VRMS,557023,IRMS,1618154,W,7039,WE,7042,10
503384,2380,0,1,VRMS,552057,IRMS,8610,W,13,WE,13,0
503457,2381,1,1,VRMS,558553,IRMS,1621014,W,7031,WE,7031,10
504383,2390,0,1,VRMS,550476,IRMS,8806,W,12,WE,12,0
504459,2391,1,1,VRMS,557707,IRMS,1620134,W,7038,WE,7037,10
505382,2400,0,1,VRMS,552816,IRMS,8732,W,13,WE,13,10
505458,2401,1,1,VRMS,557572,IRMS,1620742,W,7040,WE,7038,10
506384,2410,0,1,VRMS,549532,IRMS,8579,W,12,WE,12,0
506458,2411,1,1,VRMS,557355,IRMS,1618105,W,7021,WE,7023,10
507383,2420,0,1,VRMS,550763,IRMS,8600,W,13,WE,13,10
507457,2421,1,1,VRMS,556304,IRMS,1616236,W,7008,WE,7007,10
508383,2430,0,1,VRMS,552203,IRMS,7938,W,13,WE,13,10
508459,2431,1,1,VRMS,557658,IRMS,1620417,W,7027,WE,7027,10
509382,2440,0,1,VRMS,551134,IRMS,8848,W,12,WE,12,10
509458,2441,1,1,VRMS,558005,IRMS,1619892,W,7035,WE,7036,10
510384,2450,0,1,VRMS,552587,IRMS,8125,W,12,WE,12,10
510457,2451,1,1,VRMS,557214,IRMS,1620002,W,7036,WE,7034,10
511383,2460,0,1,VRMS,552434,IRMS,9182,W,13,WE,13,10
511457,2461,1,1,VRMS,557891,IRMS,1620550,W,7036,WE,7037,10
512382,2470,0,1,VRMS,551608,IRMS,8412,W,12,WE,12,0
512456,2471,1,1,VRMS,558210,IRMS,1621145,W,7045,WE,7046,10
513382,2480,0,1,VRMS,553902,IRMS,9067,W,13,WE,13,0
513458,2481,1,1,VRMS,558259,IRMS,1620864,W,7043,WE,7044,10
514381,2490,0,1,VRMS,551786,IRMS,8680,W,12,WE,12,10
514457,2491,1,1,VRMS,558226,IRMS,1621427,W,7044,WE,7042,10
515381,2500,0,1,VRMS,551399,IRMS,8966,W,13,WE,13,0
515457,2501,1,1,VRMS,556601,IRMS,1617308,W,7029,WE,7029,10
516382,2510,0,1,VRMS,551878,IRMS,8842,W,12,WE,12,10
516456,2511,1,1,VRMS,557119,IRMS,1618383,W,7013,WE,7013,10
517382,2520,0,1,VRMS,551661,IRMS,8262,W,13,WE,13,10
517455,2521,1,1,VRMS,557821,IRMS,1620210,W,7037,WE,7037,10
518381,2530,0,1,VRMS,551306,IRMS,8560,W,12,WE,12,10
518457,2531,1,1,VRMS,558098,IRMS,1619969,W,7037,WE,7038,10
519380,2540,0,1,VRMS,552289,IRMS,7957,W,13,WE,13,10
519456,2541,1,1,VRMS,558246,IRMS,1619181,W,7032,WE,7032,10
520380,2550,0,1,VRMS,551205,IRMS,8703,W,12,WE,12,10
520456,2551,1,1,VRMS,558057,IRMS,1619763,W,7032,WE,7031,10
521381,2560,0,1,VRMS,552632,IRMS,8347,W,13,WE,13,10
521455,2561,1,1,VRMS,558196,IRMS,1619543,W,7034,WE,7035,10
522381,2570,0,1,VRMS,551504,IRMS,8833,W,12,WE,12,0
522455,2571,1,1,VRMS,558167,IRMS,1619804,W,7034,WE,7033,10
523380,2580,0,1,VRMS,551679,IRMS,8607,W,13,WE,13,10
523454,2581,1,1,VRMS,557589,IRMS,1619490,W,7036,WE,7035,10
524380,2590,0,1,VRMS,551906,IRMS,8874,W,13,WE,13,10
524455,2591,1,1,VRMS,558123,IRMS,1619481,W,7029,WE,7030,10
525379,2600,0,1,VRMS,552118,IRMS,8739,W,12,WE,12,10
525455,2601,1,1,VRMS,557949,IRMS,1619254,W,7030,WE,7030,10
526379,2610,0,1,VRMS,552487,IRMS,8851,W,13,WE,13,10
526454,2611,1,1,VRMS,556782,IRMS,1617769,W,7020,WE,7018,10
527378,2620,0,1,VRMS,550288,IRMS,8878,W,12,WE,12,10
527454,2621,1,1,VRMS,557381,IRMS,1617926,W,7019,WE,7021,10
528379,2630,0,1,VRMS,552217,IRMS,8126,W,12,WE,13,10
528453,2631,1,1,VRMS,555434,IRMS,1614536,W,7001,WE,6999,10
529379,2640,0,1,VRMS,550321,IRMS,8723,W,13,WE,12,10
529453,2641,1,1,VRMS,555470,IRMS,1613142,W,6976,WE,6977,10
530378,2650,0,1,VRMS,549371,IRMS,7893,W,12,WE,12,10
530454,2651,1,1,VRMS,556291,IRMS,1613954,W,6979,WE,6981,10
531378,2660,0,1,VRMS,549298,IRMS,8838,W,13,WE,13,10
531453,2661,1,1,VRMS,555321,IRMS,1613656,W,6984,WE,6982,10
532377,2670,0,1,VRMS,550829,IRMS,8368,W,12,WE,12,0
532453,2671,1,1,VRMS,555908,IRMS,1613511,W,6982,WE,6983,10
533377,2680,0,1,VRMS,548682,IRMS,8797,W,13,WE,13,10
533452,2681,1,1,VRMS,555656,IRMS,1612734,W,6978,WE,6978,10
534378,2690,0,1,VRMS,549786,IRMS,8534,W,12,WE,12,10
534452,2691,1,1,VRMS,554468,IRMS,1611418,W,6966,WE,6964,10
535377,2700,0,1,VRMS,549023,IRMS,8954,W,13,WE,13,10
535453,2701,1,1,VRMS,554942,IRMS,1609634,W,6951,WE,6954,10
536377,2710,0,1,VRMS,547134,IRMS,8659,W,12,WE,12,10
536453,2711,1,1,VRMS,554058,IRMS,1608218,W,6941,WE,6940,10
537376,2720,0,1,VRMS,553074,IRMS,8973,W,12,WE,13,10
537452,2721,1,1,VRMS,557510,IRMS,1618561,W,6989,WE,6988,10
538376,2730,0,1,VRMS,551412,IRMS,8873,W,13,WE,12,10
538451,2731,1,1,VRMS,556815,IRMS,1617785,W,7023,WE,7023,10
539377,2740,0,1,VRMS,550397,IRMS,8312,W,12,WE,12,10
539451,2741,1,1,VRMS,556296,IRMS,1615722,W,7003,WE,7003,10
540377,2750,0,1,VRMS,551215,IRMS,8534,W,13,WE,13,10
540450,2751,1,1,VRMS,556868,IRMS,1616538,W,6999,WE,6999,10
541376,2760,0,1,VRMS,551464,IRMS,8012,W,13,WE,13,10
541452,2761,1,1,VRMS,557188,IRMS,1617743,W,7018,WE,7018,10
542375,2770,0,1,VRMS,550962,IRMS,8865,W,12,WE,12,0
542451,2771,1,1,VRMS,557520,IRMS,1617544,W,7020,WE,7021,10
543377,2780,0,1,VRMS,550807,IRMS,8110,W,12,WE,12,10
543451,2781,1,1,VRMS,557069,IRMS,1618079,W,7019,WE,7017,10
544376,2790,0,1,VRMS,552225,IRMS,9218,W,13,WE,13,10
544450,2791,1,1,VRMS,557375,IRMS,1618364,W,7024,WE,7026,10
545376,2800,0,1,VRMS,551021,IRMS,8359,W,12,WE,12,10
545452,2801,1,1,VRMS,557838,IRMS,1617840,W,7023,WE,7024,10
546375,2810,0,1,VRMS,552299,IRMS,8898,W,13,WE,13,10
546451,2811,1,1,VRMS,556799,IRMS,1617863,W,7021,WE,7018,10
547375,2820,0,1,VRMS,552434,IRMS,8546,W,12,WE,13,10
547450,2821,1,1,VRMS,557443,IRMS,1618439,W,7021,WE,7022,10
548376,2830,0,1,VRMS,550962,IRMS,8795,W,13,WE,12,10
548450,2831,1,1,VRMS,557983,IRMS,1619045,W,7027,WE,7028,10
549376,2840,0,1,VRMS,551523,IRMS,8805,W,13,WE,13,0
549449,2841,1,1,VRMS,557442,IRMS,1619137,W,7030,WE,7028,10
550375,2850,0,1,VRMS,551640,IRMS,8782,W,12,WE,12,10
550451,2851,1,1,VRMS,557544,IRMS,1619188,W,7032,WE,7033,10
551374,2860,0,1,VRMS,550910,IRMS,8945,W,13,WE,13,0
551450,2861,1,1,VRMS,557831,IRMS,1619347,W,7030,WE,7031,10
552374,2870,0,1,VRMS,552739,IRMS,8076,W,12,WE,12,0
552450,2871,1,1,VRMS,557584,IRMS,1617188,W,7032,WE,7033,10
553375,2880,0,1,VRMS,552158,IRMS,8741,W,13,WE,13,10
553449,2881,1,1,VRMS,557284,IRMS,1618303,W,7012,WE,7010,10
554375,2890,0,1,VRMS,551516,IRMS,7927,W,12,WE,12,10
554448,2891,1,1,VRMS,558271,IRMS,1618629,W,7027,WE,7029,10
555374,2900,0,1,VRMS,551156,IRMS,8812,W,12,WE,12,10
555450,2901,1,1,VRMS,557902,IRMS,1619132,W,7033,WE,7032,10
556374,2910,0,1,VRMS,552692,IRMS,8372,W,13,WE,13,10
556449,2911,1,1,VRMS,557248,IRMS,1618269,W,7027,WE,7025,10
557373,2920,0,1,VRMS,550700,IRMS,8819,W,12,WE,13,10
557449,2921,1,1,VRMS,557485,IRMS,1617139,W,7021,WE,7022,10
558372,2930,0,1,VRMS,552548,IRMS,8566,W,13,WE,12,0
558448,2931,1,1,VRMS,557801,IRMS,1618187,W,7019,WE,7020,10
559374,2940,0,1,VRMS,551904,IRMS,8985,W,13,WE,13,0
559448,2941,1,1,VRMS,557925,IRMS,1618681,W,7026,WE,7026,10
560373,2950,0,1,VRMS,551130,IRMS,8711,W,12,WE,12,10
560447,2951,1,1,VRMS,557573,IRMS,1618353,W,7024,WE,7023,10
561373,2960,0,1,VRMS,553595,IRMS,8934,W,13,WE,13,10
561446,2961,1,1,VRMS,557735,IRMS,1618113,W,7022,WE,7023,10
562372,2970,0,1,VRMS,550932,IRMS,8890,W,12,WE,12,10
562446,2971,1,1,VRMS,557292,IRMS,1617946,W,7022,WE,7021,10
563372,2980,0,1,VRMS,551569,IRMS,8214,W,13,WE,13,10
563447,2981,1,1,VRMS,557404,IRMS,1618576,W,7025,WE,7023,10
564371,2990,0,1,VRMS,552380,IRMS,8656,W,12,WE,12,10
564447,2991,1,1,VRMS,558085,IRMS,1619086,W,7028,WE,7032,10
565370,3000,0,1,VRMS,551885,IRMS,7967,W,13,WE,13,10
565446,3001,1,1,VRMS,557726,IRMS,1618632,W,7029,WE,7027,10
566370,3010,0,1,VRMS,550619,IRMS,8698,W,12,WE,12,0
566446,3011,1,1,VRMS,557256,IRMS,1617949,W,7025,WE,7024,10
567371,3020,0,1,VRMS,552506,IRMS,8363,W,13,WE,13,10
567445,3021,1,1,VRMS,557122,IRMS,1618309,W,7022,WE,7022,10
568371,3030,0,1,VRMS,550891,IRMS,8847,W,12,WE,12,10
568444,3031,1,1,VRMS,557646,IRMS,1618048,W,7020,WE,7021,10
569370,3040,0,1,VRMS,552752,IRMS,8557,W,13,WE,13,10
569446,3041,1,1,VRMS,557727,IRMS,1618662,W,7027,WE,7028,10
570370,3050,0,1,VRMS,552336,IRMS,9056,W,13,WE,13,10
570445,3051,1,1,VRMS,557976,IRMS,1618137,W,7024,WE,7024,10
571369,3060,0,1,VRMS,550394,IRMS,8748,W,12,WE,12,10
571445,3061,1,1,VRMS,557364,IRMS,1618043,W,7023,WE,7022,10
572368,3070,0,1,VRMS,552860,IRMS,8941,W,13,WE,13,10
572444,3071,1,1,VRMS,557245,IRMS,1617852,W,7024,WE,7023,10
573370,3080,0,1,VRMS,551174,IRMS,8833,W,12,WE,12,10
573444,3081,1,1,VRMS,556900,IRMS,1615176,W,7006,WE,7009,10
574369,3090,0,1,VRMS,550470,IRMS,8254,W,12,WE,12,10
574445,3091,1,1,VRMS,556699,IRMS,1614483,W,6992,WE,6991,10
575369,3100,0,1,VRMS,549535,IRMS,8502,W,13,WE,13,10
575444,3101,1,1,VRMS,556333,IRMS,1615172,W,6996,WE,6994,10
576368,3110,0,1,VRMS,550653,IRMS,8004,W,13,WE,13,0
576444,3111,1,1,VRMS,556379,IRMS,1615316,W,6997,WE,6998,10
577370,3120,0,1,VRMS,549477,IRMS,8652,W,12,WE,12,10
577443,3121,1,1,VRMS,555912,IRMS,1612769,W,6988,WE,6989,10
578369,3130,0,1,VRMS,550098,IRMS,8260,W,13,WE,13,10
578445,3131,1,1,VRMS,555048,IRMS,1609711,W,6962,WE,6963,10
579368,3140,0,1,VRMS,548424,IRMS,9134,W,12,WE,12,10
579444,3141,1,1,VRMS,553881,IRMS,1608322,W,6941,WE,6938,10
580368,3150,0,1,VRMS,547148,IRMS,8366,W,12,WE,12,10
580444,3151,1,1,VRMS,553973,IRMS,1607179,W,6932,WE,6934,10
581369,3160,0,1,VRMS,546305,IRMS,8969,W,13,WE,13,10
581443,3161,1,1,VRMS,551557,IRMS,1600566,W,6904,WE,6905,10
582369,3170,0,1,VRMS,551692,IRMS,8669,W,12,WE,12,10
582443,3171,1,1,VRMS,557694,IRMS,1618560,W,6983,WE,6980,10
583368,3180,0,1,VRMS,551788,IRMS,8888,W,12,WE,12,10
583442,3181,1,1,VRMS,557736,IRMS,1618753,W,7033,WE,7034,10
584368,3190,0,1,VRMS,552132,IRMS,8754,W,13,WE,13,10
584443,3191,1,1,VRMS,557354,IRMS,1617722,W,7023,WE,7022,10
585367,3200,0,1,VRMS,549765,IRMS,8515,W,13,WE,13,10
585443,3201,1,1,VRMS,557474,IRMS,1618038,W,7024,WE,7024,10
586366,3210,0,1,VRMS,552344,IRMS,8689,W,12,WE,12,0
586442,3211,1,1,VRMS,558416,IRMS,1619634,W,7035,WE,7037,10
587368,3220,0,1,VRMS,552115,IRMS,7845,W,13,WE,13,10
587442,3221,1,1,VRMS,558293,IRMS,1620065,W,7038,WE,7038,10
588367,3230,0,1,VRMS,552546,IRMS,8924,W,12,WE,12,10
588441,3231,1,1,VRMS,557902,IRMS,1619284,W,7035,WE,7034,10
589367,3240,0,1,VRMS,552436,IRMS,8012,W,12,WE,13,10
589441,3241,1,1,VRMS,557435,IRMS,1618619,W,7033,WE,7032,10
590366,3250,0,1,VRMS,552681,IRMS,9108,W,13,WE,12,10
590442,3251,1,1,VRMS,557658,IRMS,1619414,W,7035,WE,7035,10
591366,3260,0,1,VRMS,551810,IRMS,8342,W,13,WE,13,10
591441,3261,1,1,VRMS,558611,IRMS,1619021,W,7032,WE,7035,10
592365,3270,0,1,VRMS,550677,IRMS,8837,W,12,WE,12,10
592441,3271,1,1,VRMS,557730,IRMS,1619281,W,7035,WE,7032,10
593367,3280,0,1,VRMS,552323,IRMS,8577,W,13,WE,13,10
593440,3281,1,1,VRMS,558073,IRMS,1619080,W,7031,WE,7034,10
594366,3290,0,1,VRMS,551011,IRMS,8814,W,12,WE,12,10
594440,3291,1,1,VRMS,557060,IRMS,1615971,W,7021,WE,7020,10
595365,3300,0,1,VRMS,550981,IRMS,8758,W,13,WE,13,0
595439,3301,1,1,VRMS,556645,IRMS,1616294,W,7004,WE,7002,10
596365,3310,0,1,VRMS,553744,IRMS,8929,W,13,WE,13,0
596441,3311,1,1,VRMS,557675,IRMS,1619352,W,7022,WE,7023,10
597364,3320,0,1,VRMS,551987,IRMS,8800,W,12,WE,12,10
597440,3321,1,1,VRMS,557868,IRMS,1618906,W,7029,WE,7030,10
598364,3330,0,1,VRMS,551569,IRMS,8295,W,12,WE,12,10
598439,3331,1,1,VRMS,557676,IRMS,1618873,W,7035,WE,7033,10
599365,3340,0,1,VRMS,551385,IRMS,8487,W,13,WE,13,10
599439,3341,1,1,VRMS,557765,IRMS,1618725,W,7027,WE,7028,10
600365,3350,0,1,VRMS,551890,IRMS,8000,W,13,WE,13,10
600440,3351,1,1,VRMS,558006,IRMS,1618196,W,7029,WE,7030,10
601364,3360,0,1,VRMS,551252,IRMS,8766,W,12,WE,12,10
601440,3361,1,1,VRMS,558291,IRMS,1618328,W,7027,WE,7027,10
602365,3370,0,1,VRMS,552175,IRMS,8200,W,13,WE,13,10
602439,3371,1,1,VRMS,557824,IRMS,1617664,W,7025,WE,7026,10
603365,3380,0,1,VRMS,553371,IRMS,9192,W,13,WE,13,10
603439,3381,1,1,VRMS,557253,IRMS,1618450,W,7023,WE,7020,10
604364,3390,0,1,VRMS,551475,IRMS,8343,W,12,WE,12,0
604438,3391,1,1,VRMS,557630,IRMS,1618545,W,7028,WE,7028,10
605364,3400,0,1,VRMS,552368,IRMS,8927,W,12,WE,12,0
605440,3401,1,1,VRMS,557430,IRMS,1618572,W,7028,WE,7028,10
606363,3410,0,1,VRMS,551723,IRMS,8606,W,13,WE,13,10
606439,3411,1,1,VRMS,558044,IRMS,1618338,W,7028,WE,7030,10
607365,3420,0,1,VRMS,550828,IRMS,8827,W,12,WE,12,10
607438,3421,1,1,VRMS,557839,IRMS,1618253,W,7027,WE,7027,10
608364,3430,0,1,VRMS,553289,IRMS,8791,W,13,WE,13,10
608440,3431,1,1,VRMS,558135,IRMS,1618472,W,7029,WE,7029,10
609363,3440,0,1,VRMS,550804,IRMS,8615,W,13,WE,13,10
609439,3441,1,1,VRMS,558164,IRMS,1618319,W,7027,WE,7027,10
610363,3450,0,1,VRMS,551330,IRMS,8676,W,12,WE,12,10
610439,3451,1,1,VRMS,557615,IRMS,1618250,W,7030,WE,7028,10
611364,3460,0,1,VRMS,552194,IRMS,7843,W,13,WE,13,10
611438,3461,1,1,VRMS,557668,IRMS,1617091,W,7022,WE,7024,10
612364,3470,0,1,VRMS,551655,IRMS,8918,W,12,WE,12,10
612438,3471,1,1,VRMS,557484,IRMS,1617420,W,7019,WE,7018,10
613363,3480,0,1,VRMS,551279,IRMS,8126,W,13,WE,13,0
613439,3481,1,1,VRMS,557438,IRMS,1617678,W,7023,WE,7023,10
614363,3490,0,1,VRMS,552088,IRMS,9188,W,12,WE,12,10
614438,3491,1,1,VRMS,557248,IRMS,1617415,W,7018,WE,7018,10
615364,3500,0,1,VRMS,551447,IRMS,8392,W,12,WE,13,0
615438,3501,1,1,VRMS,557596,IRMS,1617675,W,7019,WE,7020,10
616364,3510,0,1,VRMS,552532,IRMS,8939,W,13,WE,12,0
616439,3511,1,1,VRMS,557239,IRMS,1618215,W,7026,WE,7025,10
617363,3520,0,1,VRMS,551624,IRMS,8637,W,13,WE,13,10
617439,3521,1,1,VRMS,557817,IRMS,1618128,W,7024,WE,7025,10
618362,3530,0,1,VRMS,550508,IRMS,8850,W,12,WE,12,10
618438,3531,1,1,VRMS,557591,IRMS,1618531,W,7028,WE,7026,10
619364,3540,0,1,VRMS,552924,IRMS,8717,W,13,WE,13,10
619438,3541,1,1,VRMS,557766,IRMS,1618994,W,7031,WE,7032,10
620363,3550,0,1,VRMS,550284,IRMS,8588,W,12,WE,12,10
620439,3551,1,1,VRMS,557819,IRMS,1618086,W,7028,WE,7029,10
621363,3560,0,1,VRMS,551686,IRMS,8646,W,13,WE,13,10
621438,3561,1,1,VRMS,557718,IRMS,1618385,W,7030,WE,7029,10
622364,3570,0,1,VRMS,552286,IRMS,7917,W,13,WE,13,10
622438,3571,1,1,VRMS,557480,IRMS,1618716,W,7029,WE,7029,10
623364,3580,0,1,VRMS,551324,IRMS,8950,W,12,WE,12,10
623439,3581,1,1,VRMS,557060,IRMS,1615723,W,7013,WE,7015,10
624363,3590,0,1,VRMS,549317,IRMS,8091,W,12,WE,12,10
624439,3591,1,1,VRMS,555929,IRMS,1614315,W,6995,WE,6992,10
625364,3600,0,1,VRMS,551570,IRMS,9193,W,13,WE,13,10
625438,3601,1,1,VRMS,556419,IRMS,1614916,W,6994,WE,6996,10
626364,3610,0,1,VRMS,550322,IRMS,8308,W,12,WE,12,0
626440,3611,1,1,VRMS,556344,IRMS,1614737,W,6995,WE,6995,10
627363,3620,0,1,VRMS,558019,IRMS,8052,W,12,WE,12,10
627439,3621,1,1,VRMS,565880,IRMS,150837,W,3342,WE,3321,10
628365,3630,0,1,VRMS,558428,IRMS,7932,W,11,WE,11,0
628439,3631,1,1,VRMS,566394,IRMS,145618,W,643,WE,642,10
629364,3640,0,1,VRMS,558353,IRMS,7988,W,10,WE,10,0
629440,3641,1,1,VRMS,566390,IRMS,145511,W,641,WE,641,10
630364,3650,0,1,VRMS,559652,IRMS,8021,W,11,WE,11,10
630439,3651,1,1,VRMS,566395,IRMS,145596,W,642,WE,642,10
631363,3660,0,1,VRMS,558314,IRMS,7852,W,11,WE,11,10
631439,3661,1,1,VRMS,566457,IRMS,145615,W,642,WE,642,10
632365,3670,0,1,VRMS,558814,IRMS,8001,W,11,WE,11,10
632438,3671,1,1,VRMS,566769,IRMS,145572,W,642,WE,642,10
633364,3680,0,1,VRMS,558671,IRMS,7297,W,11,WE,11,10
633440,3681,1,1,VRMS,567053,IRMS,145595,W,642,WE,642,10
634363,3690,0,1,VRMS,559092,IRMS,8086,W,11,WE,11,10
634439,3691,1,1,VRMS,566670,IRMS,145551,W,642,WE,642,10
635363,3700,0,1,VRMS,558631,IRMS,7438,W,10,WE,10,10
635439,3701,1,1,VRMS,567086,IRMS,145610,W,642,WE,643,10
636364,3710,0,1,VRMS,559365,IRMS,8104,W,11,WE,11,10
636438,3711,1,1,VRMS,566326,IRMS,145539,W,643,WE,642,10
637364,3720,0,1,VRMS,559926,IRMS,7715,W,11,WE,11,0
637437,3721,1,1,VRMS,567152,IRMS,145563,W,642,WE,642,10
638363,3730,0,1,VRMS,558889,IRMS,7899,W,11,WE,11,0
638439,3731,1,1,VRMS,567591,IRMS,145560,W,642,WE,643,10
639363,3740,0,1,VRMS,558912,IRMS,7833,W,11,WE,11,10
639438,3741,1,1,VRMS,566454,IRMS,145528,W,642,WE,641,10
640362,3750,0,1,VRMS,559089,IRMS,8041,W,11,WE,11,10
640438,3751,1,1,VRMS,566764,IRMS,145580,W,642,WE,643,10
641363,3760,0,1,VRMS,558420,IRMS,7950,W,11,WE,11,10
641437,3761,1,1,VRMS,566864,IRMS,145430,W,642,WE,642,10
642363,3770,0,1,VRMS,560168,IRMS,8050,W,10,WE,10,10
642437,3771,1,1,VRMS,566263,IRMS,145512,W,642,WE,641,10
643362,3780,0,1,VRMS,559037,IRMS,8082,W,11,WE,11,10
643438,3781,1,1,VRMS,566865,IRMS,145515,W,641,WE,642,10
644362,3790,0,1,VRMS,558436,IRMS,7589,W,11,WE,11,10
644438,3791,1,1,VRMS,566378,IRMS,145495,W,642,WE,641,10
S 1 0
645363,3800,0,1,VRMS,559334,IRMS,7405,W,11,WE,11,10
646363,3810,0,1,VRMS,559347,IRMS,6887,W,10,WE,10,0
647362,3820,0,1,VRMS,558841,IRMS,7271,W,11,WE,11,0
648361,3830,0,1,VRMS,559807,IRMS,7155,W,10,WE,10,10
649361,3840,0,1,VRMS,558864,IRMS,7277,W,11,WE,11,0
650362,3850,0,1,VRMS,560042,IRMS,7230,W,10,WE,11,10
651362,3860,0,1,VRMS,559552,IRMS,7383,W,11,WE,10,10
S 1 1
652361,3870,0,1,VRMS,558471,IRMS,7977,W,11,WE,11,10
652437,3871,1,1,VRMS,566499,IRMS,148387,W,438,WE,440,10
653363,3880,0,1,VRMS,560582,IRMS,8002,W,11,WE,11,10
653436,3881,1,1,VRMS,566762,IRMS,145804,W,644,WE,644,10
654362,3890,0,1,VRMS,558285,IRMS,8090,W,10,WE,10,10
654438,3891,1,1,VRMS,566763,IRMS,145691,W,643,WE,643,10
655362,3900,0,1,VRMS,559441,IRMS,7502,W,11,WE,11,10
655437,3901,1,1,VRMS,566947,IRMS,145636,W,643,WE,643,10
656361,3910,0,1,VRMS,559355,IRMS,7911,W,11,WE,11,10
656437,3911,1,1,VRMS,566438,IRMS,145664,W,642,WE,642,10
657362,3920,0,1,VRMS,558870,IRMS,7366,W,11,WE,11,0
657436,3921,1,1,VRMS,566531,IRMS,145605,W,643,WE,643,10
658362,3930,0,1,VRMS,558231,IRMS,7897,W,10,WE,10,10
658438,3931,1,1,VRMS,566719,IRMS,145650,W,642,WE,642,10
659361,3940,0,1,VRMS,559432,IRMS,7755,W,12,WE,12,10
659437,3941,1,1,VRMS,566753,IRMS,145661,W,643,WE,643,10
660363,3950,0,1,VRMS,558796,IRMS,7989,W,10,WE,10,0
660436,3951,1,1,VRMS,567027,IRMS,145684,W,643,WE,643,10
661362,3960,0,1,VRMS,558717,IRMS,7889,W,11,WE,11,10
661436,3961,1,1,VRMS,565862,IRMS,145526,W,641,WE,642,10
662362,3970,0,1,VRMS,558164,IRMS,8015,W,11,WE,11,10
662437,3971,1,1,VRMS,565901,IRMS,145512,W,641,WE,640,10
663361,3980,0,1,VRMS,559168,IRMS,7972,W,11,WE,11,10
663437,3981,1,1,VRMS,566898,IRMS,145601,W,642,WE,642,10
664363,3990,0,1,VRMS,559256,IRMS,8031,W,10,WE,11,10
664436,3991,1,1,VRMS,565514,IRMS,145385,W,642,WE,642,10
665362,4000,0,1,VRMS,557960,IRMS,8159,W,11,WE,10,10
665438,4001,1,1,VRMS,566656,IRMS,145575,W,642,WE,642,10
666361,4010,0,1,VRMS,558830,IRMS,7502,W,11,WE,11,10
666437,4011,1,1,VRMS,566228,IRMS,145577,W,642,WE,642,10
667361,4020,0,1,VRMS,559072,IRMS,7866,W,11,WE,11,10
667437,4021,1,1,VRMS,566379,IRMS,145594,W,642,WE,642,10
668362,4030,0,1,VRMS,559164,IRMS,7371,W,11,WE,11,0
668436,4031,1,1,VRMS,566725,IRMS,145581,W,642,WE,642,10
669362,4040,0,1,VRMS,558653,IRMS,7804,W,10,WE,10,10
669437,4041,1,1,VRMS,567244,IRMS,145633,W,642,WE,643,10
S 1 0
670361,4050,0,1,VRMS,559671,IRMS,7374,W,11,WE,11,0
671363,4060,0,1,VRMS,558191,IRMS,7445,W,11,WE,11,0
672362,4070,0,1,VRMS,559407,IRMS,7233,W,10,WE,10,10
673361,4080,0,1,VRMS,560341,IRMS,7443,W,11,WE,11,10
674361,4090,0,1,VRMS,559612,IRMS,7375,W,10,WE,10,10
675362,4100,0,1,VRMS,559849,IRMS,7326,W,11,WE,11,10
676362,4110,0,1,VRMS,559519,IRMS,7450,W,10,WE,10,10
677361,4120,0,1,VRMS,557303,IRMS,7200,W,11,WE,11,10
678361,4130,0,1,VRMS,559600,IRMS,7336,W,10,WE,11,10
679362,4140,0,1,VRMS,560107,IRMS,6806,W,11,WE,10,0
680361,4150,0,1,VRMS,559766,IRMS,7470,W,11,WE,11,0
681363,4160,0,1,VRMS,564952,IRMS,6928,W,10,WE,10,14
682362,4170,0,1,VRMS,563505,IRMS,7522,W,11,WE,11,14
683364,4180,0,1,VRMS,569466,IRMS,7112,W,10,WE,10,14
684363,4190,0,1,VRMS,567295,IRMS,7298,W,11,WE,11,14
685365,4200,0,1,VRMS,572899,IRMS,7295,W,10,WE,10,14
686366,4210,0,1,VRMS,566944,IRMS,7195,W,11,WE,11,14
687368,4220,0,1,VRMS,559692,IRMS,7363,W,10,WE,11,14
689360,4230,0,1,VRMS,558994,IRMS,7447,W,11,WE,21,0
690360,4240,0,1,VRMS,557852,IRMS,6796,W,10,WE,10,10
691359,4250,0,1,VRMS,558175,IRMS,7461,W,11,WE,11,0
692359,4260,0,1,VRMS,557535,IRMS,6938,W,10,WE,10,0
S 1 0
693360,4270,0,1,VRMS,557876,IRMS,7627,W,11,WE,11,10
694360,4280,0,1,VRMS,556796,IRMS,7176,W,10,WE,10,10
695359,4290,0,1,VRMS,558492,IRMS,7302,W,11,WE,11,10
S 1 0
696360,4300,0,1,VRMS,559103,IRMS,7365,W,10,WE,10,10
697360,4310,0,1,VRMS,558877,IRMS,7327,W,11,WE,11,10
S 1 1
698359,4320,0,1,VRMS,558735,IRMS,7511,W,10,WE,10,0
698435,4321,1,1,VRMS,566181,IRMS,1347,W,0,WE,0,10
699359,4330,0,1,VRMS,558419,IRMS,7078,W,11,WE,11,10
699435,4331,1,1,VRMS,566402,IRMS,1350,W,0,WE,0,10
S 0 1
700360,4340,0,1,VRMS,558596,IRMS,7293,W,10,WE,10,10
700434,4341,1,1,VRMS,566626,IRMS,1351,W,0,WE,0,10
701360,4350,0,1,VRMS,558806,IRMS,6934,W,11,WE,11,0
701435,4351,1,1,VRMS,567772,IRMS,1304,W,0,WE,0,10
702359,4360,0,1,VRMS,558610,IRMS,7370,W,10,WE,10,10
702435,4361,1,1,VRMS,566651,IRMS,1301,W,0,WE,0,10
S 1 1
703358,4370,0,1,VRMS,559265,IRMS,7186,W,11,WE,11,10
703434,4371,1,1,VRMS,567300,IRMS,1330,W,0,WE,0,10
S 0 1
704358,4380,0,1,VRMS,558563,IRMS,7299,W,10,WE,10,10
704434,4381,1,1,VRMS,566661,IRMS,1342,W,0,WE,0,10
705359,4390,0,1,VRMS,559761,IRMS,7348,W,11,WE,11,10
705433,4391,1,1,VRMS,567451,IRMS,1345,W,0,WE,0,10
706359,4400,0,1,VRMS,558889,IRMS,7324,W,11,WE,11,10
706435,4401,1,1,VRMS,567253,IRMS,1351,W,0,WE,0,10
S 1 1
707358,4410,0,1,VRMS,558749,IRMS,7400,W,10,WE,10,0
707434,4411,1,1,VRMS,567345,IRMS,1333,W,0,WE,0,10
708358,4420,0,1,VRMS,558967,IRMS,7124,W,11,WE,11,10
708433,4421,1,1,VRMS,566991,IRMS,1306,W,0,WE,0,10
709359,4430,0,1,VRMS,559219,IRMS,7217,W,10,WE,10,0
709433,4431,1,1,VRMS,567832,IRMS,1307,W,0,WE,0,10
S 0 1
710359,4440,0,1,VRMS,559353,IRMS,6897,W,11,WE,11,0
710432,4441,1,1,VRMS,567139,IRMS,1303,W,0,WE,0,10
711358,4450,0,1,VRMS,559053,IRMS,7372,W,10,WE,10,10
711432,4451,1,1,VRMS,566919,IRMS,1311,W,0,WE,0,10
712357,4460,0,1,VRMS,559104,IRMS,7187,W,11,WE,11,10
712431,4461,1,1,VRMS,567203,IRMS,1304,W,0,WE,0,10
713357,4470,0,1,VRMS,559874,IRMS,7307,W,10,WE,11,10
713433,4471,1,1,VRMS,567135,IRMS,1300,W,0,WE,0,10
714356,4480,0,1,VRMS,559430,IRMS,7280,W,11,WE,10,10
714432,4481,1,1,VRMS,567507,IRMS,1322,W,0,WE,0,10
715356,4490,0,1,VRMS,558532,IRMS,8047,W,11,WE,11,10
715431,4491,1,1,VRMS,566115,IRMS,169945,W,580,WE,582,10
716355,4500,0,1,VRMS,558272,IRMS,8117,W,11,WE,11,10
716431,4501,1,1,VRMS,565946,IRMS,169691,W,748,WE,748,10
717355,4510,0,1,VRMS,558562,IRMS,7637,W,10,WE,11,0
717430,4511,1,1,VRMS,566252,IRMS,169677,W,748,WE,748,10
718354,4520,0,1,VRMS,558786,IRMS,7961,W,11,WE,10,10
718430,4521,1,1,VRMS,566092,IRMS,169583,W,747,WE,748,10
719355,4530,0,1,VRMS,558074,IRMS,7431,W,11,WE,11,10
719429,4531,1,1,VRMS,566798,IRMS,169580,W,748,WE,747,10
720355,4540,0,1,VRMS,559586,IRMS,8147,W,11,WE,11,10
720429,4541,1,1,VRMS,566266,IRMS,169560,W,747,WE,748,10
721354,4550,0,1,VRMS,558103,IRMS,7724,W,11,WE,11,10
721428,4551,1,1,VRMS,565923,IRMS,169576,W,747,WE,746,10
722354,4560,0,1,VRMS,558652,IRMS,8116,W,11,WE,11,10
722429,4561,1,1,VRMS,566055,IRMS,169522,W,747,WE,747,10
723353,4570,0,1,VRMS,558609,IRMS,8011,W,10,WE,10,10
723429,4571,1,1,VRMS,566434,IRMS,169603,W,747,WE,747,10
724353,4580,0,1,VRMS,558758,IRMS,8159,W,11,WE,11,10
724428,4581,1,1,VRMS,565849,IRMS,169590,W,747,WE,748,10
725352,4590,0,1,VRMS,558566,IRMS,8116,W,11,WE,11,0
725428,4591,1,1,VRMS,566275,IRMS,169569,W,747,WE,747,10
726353,4600,0,1,VRMS,559479,IRMS,7508,W,11,WE,11,10
726427,4601,1,1,VRMS,566260,IRMS,169538,W,748,WE,747,10
727353,4610,0,1,VRMS,558891,IRMS,8039,W,11,WE,11,10
727427,4611,1,1,VRMS,566394,IRMS,169488,W,747,WE,747,10
728352,4620,0,1,VRMS,558900,IRMS,7453,W,10,WE,11,10
728428,4621,1,1,VRMS,566695,IRMS,169547,W,747,WE,747,10
729352,4630,0,1,VRMS,559083,IRMS,8336,W,12,WE,11,10
729427,4631,1,1,VRMS,566348,IRMS,169598,W,747,WE,747,10
730351,4640,0,1,VRMS,558534,IRMS,7762,W,10,WE,10,10
730427,4641,1,1,VRMS,566644,IRMS,169544,W,747,WE,748,10
731351,4650,0,1,VRMS,558728,IRMS,8230,W,11,WE,11,10
731426,4651,1,1,VRMS,565895,IRMS,169541,W,748,WE,747,10
732352,4660,0,1,VRMS,557724,IRMS,8053,W,11,WE,11,10
732426,4661,1,1,VRMS,566086,IRMS,169544,W,747,WE,748,10
733351,4670,0,1,VRMS,560485,IRMS,8148,W,11,WE,11,10
733427,4671,1,1,VRMS,566669,IRMS,169594,W,748,WE,747,10
734351,4680,0,1,VRMS,557575,IRMS,8124,W,11,WE,11,10
734427,4681,1,1,VRMS,566537,IRMS,169510,W,748,WE,748,10
735352,4690,0,1,VRMS,560347,IRMS,7380,W,10,WE,10,0
735426,4691,1,1,VRMS,566459,IRMS,169510,W,747,WE,748,10
736352,4700,0,1,VRMS,558798,IRMS,8119,W,12,WE,12,10
736425,4701,1,1,VRMS,566270,IRMS,169548,W,747,WE,746,10
737351,4710,0,1,VRMS,558321,IRMS,7521,W,10,WE,10,10
737427,4711,1,1,VRMS,566477,IRMS,169509,W,747,WE,748,10
738351,4720,0,1,VRMS,559757,IRMS,8285,W,11,WE,11,10
738426,4721,1,1,VRMS,566546,IRMS,169526,W,748,WE,747,10
739350,4730,0,1,VRMS,558204,IRMS,7811,W,11,WE,11,10
739426,4731,1,1,VRMS,566312,IRMS,169491,W,746,WE,747,10
740352,4740,0,1,VRMS,559171,IRMS,8164,W,11,WE,11,10
740425,4741,1,1,VRMS,566690,IRMS,169527,W,748,WE,747,10
741351,4750,0,1,VRMS,559318,IRMS,8048,W,10,WE,10,10
741427,4751,1,1,VRMS,566943,IRMS,169566,W,748,WE,748,10
742350,4760,0,1,VRMS,558838,IRMS,7955,W,11,WE,11,10
742426,4761,1,1,VRMS,566544,IRMS,169565,W,747,WE,748,10
743352,4770,0,1,VRMS,558603,IRMS,8027,W,11,WE,11,10
743426,4771,1,1,VRMS,566880,IRMS,169600,W,748,WE,748,10
744351,4780,0,1,VRMS,559687,IRMS,7403,W,11,WE,11,0
744425,4781,1,1,VRMS,566556,IRMS,169554,W,748,WE,748,10
745351,4790,0,1,VRMS,557992,IRMS,7936,W,11,WE,11,10
745426,4791,1,1,VRMS,566516,IRMS,169537,W,748,WE,747,10
746350,4800,0,1,VRMS,559166,IRMS,7719,W,11,WE,11,0
746426,4801,1,1,VRMS,566425,IRMS,169623,W,747,WE,748,10
747352,4810,0,1,VRMS,558424,IRMS,8025,W,10,WE,10,10
747425,4811,1,1,VRMS,566868,IRMS,169570,W,748,WE,748,10
748351,4820,0,1,VRMS,559193,IRMS,7958,W,11,WE,11,10
748427,4821,1,1,VRMS,566648,IRMS,169552,W,748,WE,748,10
749350,4830,0,1,VRMS,557443,IRMS,7948,W,11,WE,11,10
749426,4831,1,1,VRMS,566813,IRMS,169538,W,748,WE,747,10
750350,4840,0,1,VRMS,558985,IRMS,8034,W,11,WE,11,10
750426,4841,1,1,VRMS,565720,IRMS,169433,W,746,WE,747,10
751351,4850,0,1,VRMS,558076,IRMS,7849,W,11,WE,11,10
751425,4851,1,1,VRMS,566416,IRMS,169584,W,748,WE,747,10
752351,4860,0,1,VRMS,558397,IRMS,7790,W,10,WE,10,10
752427,4861,1,1,VRMS,566670,IRMS,169538,W,748,WE,748,10
753350,4870,0,1,VRMS,559186,IRMS,7422,W,11,WE,11,10
753426,4871,1,1,VRMS,566032,IRMS,169525,W,747,WE,747,10
754352,4880,0,1,VRMS,558401,IRMS,8101,W,11,WE,11,10
754425,4881,1,1,VRMS,566199,IRMS,169476,W,747,WE,747,10
755351,4890,0,1,VRMS,558065,IRMS,7697,W,11,WE,11,10
755425,4891,1,1,VRMS,566618,IRMS,169460,W,747,WE,747,10
756350,4900,0,1,VRMS,559465,IRMS,8057,W,11,WE,11,10
756426,4901,1,1,VRMS,566137,IRMS,169448,W,746,WE,747,10
757350,4910,0,1,VRMS,557963,IRMS,8001,W,11,WE,11,0
757426,4911,1,1,VRMS,566434,IRMS,169424,W,747,WE,747,10
758349,4920,0,1,VRMS,557300,IRMS,8129,W,11,WE,11,10
758425,4921,1,1,VRMS,564218,IRMS,169256,W,746,WE,745,10
759351,4930,0,1,VRMS,557749,IRMS,8130,W,10,WE,10,10
759425,4931,1,1,VRMS,565892,IRMS,169527,W,745,WE,745,10
760350,4940,0,1,VRMS,559100,IRMS,7399,W,11,WE,11,10
760426,4941,1,1,VRMS,565078,IRMS,169235,W,745,WE,746,10
761350,4950,0,1,VRMS,557336,IRMS,8164,W,11,WE,11,10
761425,4951,1,1,VRMS,564691,IRMS,169293,W,745,WE,744,10
762351,4960,0,1,VRMS,557014,IRMS,7530,W,11,WE,11,10
762425,4961,1,1,VRMS,565170,IRMS,169299,W,743,WE,744,10
763351,4970,0,1,VRMS,557958,IRMS,8213,W,11,WE,11,10
763424,4971,1,1,VRMS,566092,IRMS,169484,W,745,WE,745,10
764350,4980,0,1,VRMS,559684,IRMS,7885,W,10,WE,10,10
764426,4981,1,1,VRMS,566286,IRMS,169521,W,747,WE,747,10
765349,4990,0,1,VRMS,558008,IRMS,7982,W,11,WE,11,10
765425,4991,1,1,VRMS,566031,IRMS,169396,W,747,WE,746,10
766351,5000,0,1,VRMS,559396,IRMS,8103,W,11,WE,11,0
766425,5001,1,1,VRMS,566478,IRMS,169500,W,747,WE,747,10
767350,5010,0,1,VRMS,557489,IRMS,7848,W,11,WE,11,10
767426,5011,1,1,VRMS,567307,IRMS,169596,W,747,WE,748,10
768350,5020,0,1,VRMS,558756,IRMS,7807,W,10,WE,11,10
768425,5021,1,1,VRMS,566385,IRMS,169494,W,748,WE,748,10
769349,5030,0,1,VRMS,558698,IRMS,7395,W,11,WE,10,10
769425,5031,1,1,VRMS,565719,IRMS,169494,W,747,WE,746,10
770349,5040,0,1,VRMS,557331,IRMS,8157,W,11,WE,11,10
770424,5041,1,1,VRMS,564888,IRMS,169326,W,746,WE,746,10
771350,5050,0,1,VRMS,557335,IRMS,7711,W,11,WE,11,10
771424,5051,1,1,VRMS,566163,IRMS,169469,W,746,WE,747,10
772349,5060,0,1,VRMS,558147,IRMS,8121,W,11,WE,11,10
772425,5061,1,1,VRMS,565651,IRMS,169375,W,746,WE,746,10
773349,5070,0,1,VRMS,557738,IRMS,7956,W,11,WE,11,10
773425,5071,1,1,VRMS,565674,IRMS,169436,W,747,WE,746,10
774348,5080,0,1,VRMS,559718,IRMS,8104,W,11,WE,11,10
774424,5081,1,1,VRMS,565778,IRMS,169477,W,746,WE,747,10
775348,5090,0,1,VRMS,557128,IRMS,8157,W,11,WE,11,0
775424,5091,1,1,VRMS,566033,IRMS,169507,W,747,WE,746,10
776349,5100,0,1,VRMS,558519,IRMS,7333,W,10,WE,10,10
776423,5101,1,1,VRMS,566016,IRMS,169563,W,747,WE,747,10
777349,5110,0,1,VRMS,558876,IRMS,8054,W,11,WE,11,10
777422,5111,1,1,VRMS,566535,IRMS,169576,W,747,WE,748,10
778348,5120,0,1,VRMS,559215,IRMS,7627,W,11,WE,11,0
778424,5121,1,1,VRMS,566122,IRMS,169505,W,748,WE,747,10
779347,5130,0,1,VRMS,557865,IRMS,8043,W,11,WE,11,10
779423,5131,1,1,VRMS,566914,IRMS,169539,W,747,WE,747,10
780347,5140,0,1,VRMS,558102,IRMS,7865,W,11,WE,11,10
780423,5141,1,1,VRMS,565796,IRMS,169463,W,746,WE,747,10
781346,5150,0,1,VRMS,557426,IRMS,7997,W,10,WE,10,10
781422,5151,1,1,VRMS,565963,IRMS,169522,W,747,WE,747,10
782348,5160,0,1,VRMS,559261,IRMS,8073,W,11,WE,11,10
782422,5161,1,1,VRMS,565995,IRMS,169491,W,747,WE,746,10
783347,5170,0,1,VRMS,556457,IRMS,7772,W,11,WE,11,10
783421,5171,1,1,VRMS,565722,IRMS,169440,W,746,WE,747,10
784347,5180,0,1,VRMS,557215,IRMS,7809,W,11,WE,11,0
784420,5181,1,1,VRMS,565793,IRMS,169464,W,747,WE,746,10
785346,5190,0,1,VRMS,557853,IRMS,7399,W,10,WE,10,0
785422,5191,1,1,VRMS,566388,IRMS,169398,W,746,WE,747,10
786345,5200,0,1,VRMS,558344,IRMS,8160,W,11,WE,11,10
786421,5201,1,1,VRMS,565273,IRMS,169453,W,746,WE,745,10
787345,5210,0,1,VRMS,557118,IRMS,7777,W,11,WE,11,10
787421,5211,1,1,VRMS,565922,IRMS,169428,W,745,WE,746,10
788346,5220,0,1,VRMS,557687,IRMS,8169,W,11,WE,11,10
788420,5221,1,1,VRMS,565261,IRMS,169438,W,746,WE,746,10
789346,5230,0,1,VRMS,557716,IRMS,7965,W,11,WE,11,10
789420,5231,1,1,VRMS,565753,IRMS,169438,W,746,WE,746,10
790345,5240,0,1,VRMS,559593,IRMS,8080,W,11,WE,11,10
790421,5241,1,1,VRMS,565702,IRMS,169413,W,747,WE,746,10
791345,5250,0,1,VRMS,556449,IRMS,8175,W,11,WE,11,10
791420,5251,1,1,VRMS,565437,IRMS,169408,W,746,WE,746,10
792346,5260,0,1,VRMS,558888,IRMS,7368,W,10,WE,10,0
792420,5261,1,1,VRMS,565300,IRMS,169440,W,746,WE,746,10
793346,5270,0,1,VRMS,558638,IRMS,8105,W,11,WE,11,10
793419,5271,1,1,VRMS,565937,IRMS,169453,W,746,WE,747,10
794345,5280,0,1,VRMS,558026,IRMS,7588,W,11,WE,11,0
794421,5281,1,1,VRMS,565458,IRMS,169400,W,746,WE,745,10
795344,5290,0,1,VRMS,557285,IRMS,8177,W,11,WE,11,10
795420,5291,1,1,VRMS,566171,IRMS,169359,W,746,WE,746,10
796344,5300,0,1,VRMS,558277,IRMS,7868,W,10,WE,10,10
796420,5301,1,1,VRMS,565137,IRMS,169314,W,745,WE,746,10
797345,5310,0,1,VRMS,557824,IRMS,8024,W,11,WE,11,10
797419,5311,1,1,VRMS,565756,IRMS,169402,W,746,WE,745,10
798345,5320,0,1,VRMS,557951,IRMS,8068,W,11,WE,11,10
798420,5321,1,1,VRMS,565768,IRMS,169371,W,745,WE,746,10
799344,5330,0,1,VRMS,556734,IRMS,7891,W,11,WE,11,10
799420,5331,1,1,VRMS,565626,IRMS,169331,W,746,WE,745,10
800346,5340,0,1,VRMS,558659,IRMS,7864,W,10,WE,10,10
800419,5341,1,1,VRMS,565458,IRMS,169401,W,746,WE,746,10
801345,5350,0,1,VRMS,557799,IRMS,7442,W,12,WE,12,10
801419,5351,1,1,VRMS,565543,IRMS,169473,W,746,WE,746,10
802344,5360,0,1,VRMS,557018,IRMS,7926,W,10,WE,10,10
802420,5361,1,1,VRMS,565272,IRMS,169441,W,746,WE,746,10
803346,5370,0,1,VRMS,559107,IRMS,7797,W,11,WE,11,10
803420,5371,1,1,VRMS,565310,IRMS,169414,W,746,WE,746,10
804345,5380,0,1,VRMS,557460,IRMS,8046,W,11,WE,11,0
804421,5381,1,1,VRMS,565602,IRMS,169398,W,746,WE,747,10
805345,5390,0,1,VRMS,558069,IRMS,7947,W,11,WE,11,0
805421,5391,1,1,VRMS,565340,IRMS,169382,W,746,WE,745,10
806346,5400,0,1,VRMS,557812,IRMS,8009,W,10,WE,10,10
806420,5401,1,1,VRMS,565580,IRMS,169410,W,746,WE,746,10
807346,5410,0,1,VRMS,557805,IRMS,8079,W,11,WE,11,0
807421,5411,1,1,VRMS,565142,IRMS,169320,W,746,WE,746,10
808345,5420,0,1,VRMS,558288,IRMS,7663,W,11,WE,11,10
808421,5421,1,1,VRMS,566332,IRMS,169406,W,745,WE,746,10
809347,5430,0,1,VRMS,558518,IRMS,7952,W,11,WE,11,10
809420,5431,1,1,VRMS,565526,IRMS,169368,W,746,WE,746,10
810346,5440,0,1,VRMS,557039,IRMS,7404,W,11,WE,11,10
810420,5441,1,1,VRMS,565555,IRMS,169411,W,746,WE,745,10
811345,5450,0,1,VRMS,558634,IRMS,8184,W,11,WE,11,10
811421,5451,1,1,VRMS,565191,IRMS,169451,W,746,WE,746,10
812347,5460,0,1,VRMS,557537,IRMS,7729,W,10,WE,10,10
812421,5461,1,1,VRMS,565339,IRMS,169362,W,745,WE,746,10
813346,5470,0,1,VRMS,557935,IRMS,8091,W,11,WE,11,10
813420,5471,1,1,VRMS,564160,IRMS,169259,W,746,WE,745,10
814346,5480,0,1,VRMS,557878,IRMS,7965,W,11,WE,11,10
814422,5481,1,1,VRMS,565507,IRMS,169440,W,745,WE,745,10
815347,5490,0,1,VRMS,558977,IRMS,8126,W,11,WE,11,10
815421,5491,1,1,VRMS,566379,IRMS,169448,W,746,WE,747,10
816347,5500,0,1,VRMS,557951,IRMS,8124,W,11,WE,11,10
816420,5501,1,1,VRMS,565743,IRMS,169430,W,746,WE,746,10
817346,5510,0,1,VRMS,559120,IRMS,7534,W,10,WE,10,0
817422,5511,1,1,VRMS,565234,IRMS,169350,W,746,WE,746,10
818345,5520,0,1,VRMS,557764,IRMS,8123,W,12,WE,12,0
818421,5521,1,1,VRMS,565299,IRMS,169447,W,746,WE,746,10
819347,5530,0,1,VRMS,559104,IRMS,7421,W,10,WE,10,0
819421,5531,1,1,VRMS,566831,IRMS,169551,W,748,WE,747,10
820346,5540,0,1,VRMS,559654,IRMS,8328,W,11,WE,11,0
820422,5541,1,1,VRMS,566194,IRMS,169531,W,747,WE,748,10
821346,5550,0,1,VRMS,558131,IRMS,7831,W,11,WE,11,10
821422,5551,1,1,VRMS,566586,IRMS,169524,W,748,WE,748,10
822347,5560,0,1,VRMS,559433,IRMS,8208,W,11,WE,11,10
822421,5561,1,1,VRMS,566404,IRMS,169508,W,748,WE,747,10
823347,5570,0,1,VRMS,558629,IRMS,8045,W,10,WE,10,10
823420,5571,1,1,VRMS,566016,IRMS,169554,W,748,WE,748,10
824346,5580,0,1,VRMS,558467,IRMS,7908,W,11,WE,11,10
824422,5581,1,1,VRMS,566232,IRMS,169490,W,747,WE,747,10
825348,5590,0,1,VRMS,557852,IRMS,8009,W,11,WE,11,10
825421,5591,1,1,VRMS,566074,IRMS,169408,W,747,WE,748,10
826347,5600,0,1,VRMS,559423,IRMS,7417,W,11,WE,11,10
826421,5601,1,1,VRMS,566613,IRMS,169535,W,747,WE,747,10
827346,5610,0,1,VRMS,558239,IRMS,7902,W,11,WE,11,10
827422,5611,1,1,VRMS,566217,IRMS,169511,W,748,WE,747,10
828346,5620,0,1,VRMS,558906,IRMS,7750,W,11,WE,11,0
828422,5621,1,1,VRMS,566131,IRMS,169487,W,747,WE,748,10
829347,5630,0,1,VRMS,557581,IRMS,7982,W,10,WE,10,10
829421,5631,1,1,VRMS,566546,IRMS,169531,W,747,WE,747,10
830347,5640,0,1,VRMS,559465,IRMS,7905,W,11,WE,11,0
830420,5641,1,1,VRMS,566132,IRMS,169509,W,748,WE,747,10
831346,5650,0,1,VRMS,558171,IRMS,8022,W,11,WE,11,0
831422,5651,1,1,VRMS,566081,IRMS,169474,W,747,WE,747,10
832346,5660,0,1,VRMS,558568,IRMS,8070,W,11,WE,11,10
832421,5661,1,1,VRMS,566409,IRMS,169531,W,747,WE,748,10
833347,5670,0,1,VRMS,558363,IRMS,7600,W,11,WE,11,0
833421,5671,1,1,VRMS,565975,IRMS,169494,W,748,WE,747,10
834347,5680,0,1,VRMS,559214,IRMS,8033,W,11,WE,11,10
834422,5681,1,1,VRMS,566184,IRMS,169524,W,747,WE,748,10
835346,5690,0,1,VRMS,558391,IRMS,7440,W,10,WE,10,10
835422,5691,1,1,VRMS,566164,IRMS,169499,W,747,WE,747,10
836347,5700,0,1,VRMS,559082,IRMS,8288,W,12,WE,12,10
836421,5701,1,1,VRMS,565928,IRMS,169474,W,747,WE,747,10
837347,5710,0,1,VRMS,558191,IRMS,7786,W,10,WE,10,10
837423,5711,1,1,VRMS,566347,IRMS,169495,W,748,WE,747,10
838346,5720,0,1,VRMS,558527,IRMS,8113,W,11,WE,11,10
838422,5721,1,1,VRMS,566403,IRMS,169568,W,747,WE,748,10
839346,5730,0,1,VRMS,558625,IRMS,8061,W,11,WE,11,10
839421,5731,1,1,VRMS,566461,IRMS,169552,W,747,WE,747,10
840347,5740,0,1,VRMS,557858,IRMS,7876,W,11,WE,11,10
840421,5741,1,1,VRMS,566079,IRMS,169488,W,748,WE,748,10
841347,5750,0,1,VRMS,559596,IRMS,7851,W,10,WE,10,0
841422,5751,1,1,VRMS,567013,IRMS,169533,W,748,WE,748,10
842346,5760,0,1,VRMS,559156,IRMS,7438,W,11,WE,11,10
842422,5761,1,1,VRMS,566692,IRMS,169588,W,748,WE,748,10
843347,5770,0,1,VRMS,558763,IRMS,8109,W,11,WE,11,10
843421,5771,1,1,VRMS,566550,IRMS,169546,W,748,WE,748,10
844347,5780,0,1,VRMS,557877,IRMS,7742,W,11,WE,11,0
844421,5781,1,1,VRMS,566513,IRMS,169540,W,748,WE,748,10
845346,5790,0,1,VRMS,559317,IRMS,8155,W,11,WE,11,10
845422,5791,1,1,VRMS,566727,IRMS,169523,W,748,WE,748,10
846346,5800,0,1,VRMS,558196,IRMS,8003,W,11,WE,11,10
846422,5801,1,1,VRMS,566306,IRMS,169513,W,748,WE,747,10
847345,5810,0,1,VRMS,560484,IRMS,8142,W,11,WE,11,10
847421,5811,1,1,VRMS,566457,IRMS,169532,W,747,WE,748,10
848347,5820,0,1,VRMS,558097,IRMS,8178,W,11,WE,11,10
848420,5821,1,1,VRMS,566782,IRMS,169569,W,748,WE,748,10
849346,5830,0,1,VRMS,557978,IRMS,7332,W,10,WE,10,10
849420,5831,1,1,VRMS,565724,IRMS,169522,W,748,WE,747,10
850345,5840,0,1,VRMS,558527,IRMS,8133,W,11,WE,11,0
850421,5841,1,1,VRMS,567125,IRMS,169524,W,747,WE,748,10
851345,5850,0,1,VRMS,557847,IRMS,7655,W,11,WE,11,10
851421,5851,1,1,VRMS,564732,IRMS,169322,W,746,WE,745,10
852346,5860,0,1,VRMS,557217,IRMS,8021,W,11,WE,11,0
852420,5861,1,1,VRMS,565649,IRMS,169393,W,746,WE,747,10
853346,5870,0,1,VRMS,557663,IRMS,7902,W,11,WE,11,0
853420,5871,1,1,VRMS,565283,IRMS,169367,W,746,WE,745,10
854345,5880,0,1,VRMS,556250,IRMS,7995,W,10,WE,10,10
854421,5881,1,1,VRMS,564748,IRMS,169346,W,745,WE,745,10
855345,5890,0,1,VRMS,558744,IRMS,8056,W,11,WE,11,10
855420,5891,1,1,VRMS,565015,IRMS,169352,W,746,WE,746,10
856344,5900,0,1,VRMS,556898,IRMS,7669,W,11,WE,11,10
856420,5901,1,1,VRMS,564526,IRMS,169184,W,744,WE,745,10
857346,5910,0,1,VRMS,556971,IRMS,7949,W,11,WE,11,10
857419,5911,1,1,VRMS,563923,IRMS,169157,W,743,WE,743,10
858345,5920,0,1,VRMS,555756,IRMS,7431,W,10,WE,10,10
858421,5921,1,1,VRMS,564137,IRMS,169055,W,743,WE,742,10
859344,5930,0,1,VRMS,554828,IRMS,8343,W,11,WE,12,10
859420,5931,1,1,VRMS,561371,IRMS,168758,W,740,WE,741,10
860344,5940,0,1,VRMS,557901,IRMS,7795,W,11,WE,10,10
860420,5941,1,1,VRMS,566498,IRMS,169507,W,746,WE,745,10
861345,5950,0,1,VRMS,559757,IRMS,8181,W,11,WE,11,0
861419,5951,1,1,VRMS,566185,IRMS,169476,W,747,WE,747,10
862345,5960,0,1,VRMS,558455,IRMS,8034,W,11,WE,11,0
862418,5961,1,1,VRMS,565933,IRMS,169419,W,746,WE,747,10
863344,5970,0,1,VRMS,558934,IRMS,7928,W,10,WE,10,10
863420,5971,1,1,VRMS,565741,IRMS,169476,W,746,WE,745,10
864344,5980,0,1,VRMS,558221,IRMS,7912,W,11,WE,11,10
864419,5981,1,1,VRMS,565967,IRMS,169462,W,746,WE,747,10
865343,5990,0,1,VRMS,558109,IRMS,7473,W,11,WE,11,10
865419,5991,1,1,VRMS,565948,IRMS,169466,W,747,WE,747,10
866344,6000,0,1,VRMS,557814,IRMS,7883,W,11,WE,11,10
866418,6001,1,1,VRMS,566182,IRMS,169482,W,747,WE,747,10
867344,6010,0,1,VRMS,558998,IRMS,7739,W,11,WE,11,10
867420,6011,1,1,VRMS,566229,IRMS,169487,W,747,WE,747,10
868343,6020,0,1,VRMS,559727,IRMS,8091,W,10,WE,10,10
868419,6021,1,1,VRMS,565711,IRMS,169536,W,748,WE,747,10
869343,6030,0,1,VRMS,557913,IRMS,7982,W,11,WE,11,10
869419,6031,1,1,VRMS,565934,IRMS,169461,W,746,WE,747,10
870344,6040,0,1,VRMS,558870,IRMS,8113,W,11,WE,11,0
870418,6041,1,1,VRMS,565959,IRMS,169506,W,748,WE,747,10
871344,6050,0,1,VRMS,557030,IRMS,8129,W,11,WE,11,0
871419,6051,1,1,VRMS,566512,IRMS,169483,W,747,WE,747,10
872343,6060,0,1,VRMS,558834,IRMS,7344,W,11,WE,11,10
872419,6061,1,1,VRMS,565925,IRMS,169494,W,747,WE,747,10
873342,6070,0,1,VRMS,558540,IRMS,8098,W,11,WE,11,0
873418,6071,1,1,VRMS,565740,IRMS,169469,W,747,WE,747,10
874344,6080,0,1,VRMS,558595,IRMS,7607,W,11,WE,11,10
874418,6081,1,1,VRMS,565570,IRMS,169460,W,747,WE,747,10
875343,6090,0,1,VRMS,557573,IRMS,8044,W,10,WE,10,10
875419,6091,1,1,VRMS,566406,IRMS,169449,W,746,WE,746,10
876343,6100,0,1,VRMS,557911,IRMS,7893,W,11,WE,11,10
876419,6101,1,1,VRMS,565692,IRMS,169465,W,746,WE,747,10
877344,6110,0,1,VRMS,557214,IRMS,7954,W,11,WE,11,10
877418,6111,1,1,VRMS,565764,IRMS,169468,W,747,WE,747,10
878344,6120,0,1,VRMS,559025,IRMS,8060,W,11,WE,11,10
878419,6121,1,1,VRMS,566323,IRMS,169444,W,747,WE,747,10
879343,6130,0,1,VRMS,557818,IRMS,7669,W,11,WE,11,10
879419,6131,1,1,VRMS,565509,IRMS,169439,W,747,WE,746,10
880345,6140,0,1,VRMS,559214,IRMS,8004,W,11,WE,11,10
880418,6141,1,1,VRMS,566098,IRMS,169448,W,746,WE,747,10
881344,6150,0,1,VRMS,558841,IRMS,7452,W,10,WE,10,0
881420,6151,1,1,VRMS,566417,IRMS,169495,W,747,WE,747,10
882343,6160,0,1,VRMS,559279,IRMS,8355,W,11,WE,11,10
882419,6161,1,1,VRMS,566053,IRMS,169487,W,748,WE,747,10
883345,6170,0,1,VRMS,558322,IRMS,7782,W,11,WE,11,0
883419,6171,1,1,VRMS,566177,IRMS,169504,W,747,WE,748,10
884344,6180,0,1,VRMS,558647,IRMS,8152,W,11,WE,11,0
884418,6181,1,1,VRMS,566383,IRMS,169575,W,748,WE,747,10
885344,6190,0,1,VRMS,558419,IRMS,8113,W,11,WE,11,10
885420,6191,1,1,VRMS,566211,IRMS,169543,W,748,WE,748,10
886345,6200,0,1,VRMS,558251,IRMS,7867,W,11,WE,11,0
886419,6201,1,1,VRMS,566924,IRMS,169561,W,748,WE,748,10
887345,6210,0,1,VRMS,559857,IRMS,7791,W,10,WE,10,10
887418,6211,1,1,VRMS,566791,IRMS,169491,W,748,WE,748,10
888344,6220,0,1,VRMS,559355,IRMS,7458,W,11,WE,11,10
888420,6221,1,1,VRMS,567115,IRMS,169545,W,748,WE,748,10
889344,6230,0,1,VRMS,560085,IRMS,8215,W,11,WE,11,10
889419,6231,1,1,VRMS,566904,IRMS,169534,W,748,WE,749,10
890345,6240,0,1,VRMS,558643,IRMS,7748,W,11,WE,11,10
890419,6241,1,1,VRMS,566967,IRMS,169509,W,748,WE,747,10
891344,6250,0,1,VRMS,560050,IRMS,8197,W,11,WE,11,10
891418,6251,1,1,VRMS,565840,IRMS,169556,W,747,WE,747,10
892344,6260,0,1,VRMS,557749,IRMS,8034,W,11,WE,11,10
892420,6261,1,1,VRMS,566115,IRMS,169522,W,748,WE,748,10
893343,6270,0,1,VRMS,558874,IRMS,7977,W,11,WE,11,10
893419,6271,1,1,VRMS,566653,IRMS,169516,W,747,WE,748,10
894345,6280,0,1,VRMS,558721,IRMS,7972,W,10,WE,10,0
894418,6281,1,1,VRMS,566800,IRMS,169515,W,748,WE,748,10
895344,6290,0,1,VRMS,558740,IRMS,7477,W,11,WE,11,10
895420,6291,1,1,VRMS,566680,IRMS,169535,W,747,WE,747,10
896344,6300,0,1,VRMS,557809,IRMS,7865,W,11,WE,11,10
896419,6301,1,1,VRMS,566113,IRMS,169512,W,748,WE,747,10
897345,6310,0,1,VRMS,558670,IRMS,7721,W,11,WE,11,0
897419,6311,1,1,VRMS,566232,IRMS,169470,W,747,WE,747,10
898344,6320,0,1,VRMS,559960,IRMS,8061,W,11,WE,11,10
898418,6321,1,1,VRMS,566650,IRMS,169512,W,747,WE,748,10
899344,6330,0,1,VRMS,558799,IRMS,7998,W,10,WE,10,10
899420,6331,1,1,VRMS,566527,IRMS,169458,W,748,WE,747,10
900343,6340,0,1,VRMS,559537,IRMS,8121,W,11,WE,11,10
900419,6341,1,1,VRMS,565772,IRMS,169510,W,747,WE,747,10
901345,6350,0,1,VRMS,557615,IRMS,8148,W,11,WE,11,10
901419,6351,1,1,VRMS,566355,IRMS,169470,W,746,WE,746,10
902344,6360,0,1,VRMS,558403,IRMS,7373,W,11,WE,11,10
902420,6361,1,1,VRMS,565012,IRMS,169280,W,746,WE,746,10
903344,6370,0,1,VRMS,558235,IRMS,8099,W,11,WE,11,10
903419,6371,1,1,VRMS,565538,IRMS,169355,W,746,WE,746,10
904345,6380,0,1,VRMS,557049,IRMS,7578,W,11,WE,11,10
904419,6381,1,1,VRMS,564536,IRMS,169231,W,744,WE,744,10
905345,6390,0,1,VRMS,555321,IRMS,8079,W,10,WE,10,10
905418,6391,1,1,VRMS,563906,IRMS,169163,W,744,WE,744,10
906344,6400,0,1,VRMS,555849,IRMS,7902,W,11,WE,11,10
906420,6401,1,1,VRMS,563452,IRMS,169107,W,743,WE,743,10
907345,6410,0,1,VRMS,554117,IRMS,7957,W,11,WE,11,0
907419,6411,1,1,VRMS,563365,IRMS,168930,W,741,WE,741,10
908345,6420,0,1,VRMS,556183,IRMS,8043,W,10,WE,11,10
908421,6421,1,1,VRMS,562785,IRMS,168917,W,740,WE,741,10
909344,6430,0,1,VRMS,553499,IRMS,7811,W,11,WE,10,0
909420,6431,1,1,VRMS,561358,IRMS,168770,W,740,WE,739,10
910346,6440,0,1,VRMS,557418,IRMS,7843,W,11,WE,11,0
910419,6441,1,1,VRMS,565659,IRMS,169385,W,746,WE,747,10
911345,6450,0,1,VRMS,557514,IRMS,7391,W,11,WE,11,0
911421,6451,1,1,VRMS,565909,IRMS,169462,W,747,WE,746,10
912347,6460,0,1,VRMS,558887,IRMS,8267,W,11,WE,11,10
912420,6461,1,1,VRMS,565696,IRMS,169308,W,746,WE,746,10
913346,6470,0,1,VRMS,557966,IRMS,7700,W,10,WE,10,10
913422,6471,1,1,VRMS,566220,IRMS,169421,W,745,WE,746,10
914345,6480,0,1,VRMS,559001,IRMS,8226,W,12,WE,12,10
914421,6481,1,1,VRMS,565673,IRMS,169483,W,747,WE,747,10
915347,6490,0,1,VRMS,557135,IRMS,8011,W,10,WE,10,10
915421,6491,1,1,VRMS,565907,IRMS,169436,W,747,WE,746,10
916346,6500,0,1,VRMS,558304,IRMS,8035,W,11,WE,11,10
916422,6501,1,1,VRMS,565740,IRMS,169511,W,747,WE,747,10
917348,6510,0,1,VRMS,558382,IRMS,8069,W,11,WE,11,10
917422,6511,1,1,VRMS,566264,IRMS,169410,W,746,WE,747,10
918347,6520,0,1,VRMS,558542,IRMS,7404,W,11,WE,11,10
918421,6521,1,1,VRMS,565502,IRMS,169443,W,747,WE,746,10
919347,6530,0,1,VRMS,557443,IRMS,7947,W,10,WE,10,10
919422,6531,1,1,VRMS,565870,IRMS,169432,W,746,WE,747,10
920348,6540,0,1,VRMS,557998,IRMS,7741,W,11,WE,11,10
920422,6541,1,1,VRMS,565461,IRMS,169450,W,746,WE,746,10
921348,6550,0,1,VRMS,556853,IRMS,7967,W,11,WE,11,10
921423,6551,1,1,VRMS,565708,IRMS,169423,W,747,WE,746,10
922347,6560,0,1,VRMS,558622,IRMS,7955,W,11,WE,11,10
922423,6561,1,1,VRMS,565401,IRMS,169381,W,746,WE,746,10
923348,6570,0,1,VRMS,557126,IRMS,8060,W,10,WE,10,10
923424,6571,1,1,VRMS,564886,IRMS,169234,W,746,WE,746,10
924348,6580,0,1,VRMS,556744,IRMS,8091,W,11,WE,11,0
924424,6581,1,1,VRMS,564167,IRMS,169289,W,744,WE,744,10
925349,6590,0,1,VRMS,556514,IRMS,7599,W,11,WE,11,10
925423,6591,1,1,VRMS,565040,IRMS,169205,W,744,WE,745,10
926349,6600,0,1,VRMS,557433,IRMS,8034,W,11,WE,11,10
926425,6601,1,1,VRMS,564538,IRMS,169249,W,744,WE,743,10
927348,6610,0,1,VRMS,556892,IRMS,7410,W,10,WE,10,10
927424,6611,1,1,VRMS,564519,IRMS,169288,W,745,WE,745,10
928350,6620,0,1,VRMS,558963,IRMS,8328,W,12,WE,12,10
928423,6621,1,1,VRMS,565801,IRMS,169435,W,745,WE,745,10
929349,6630,0,1,VRMS,557708,IRMS,7733,W,10,WE,10,10
929425,6631,1,1,VRMS,566311,IRMS,169479,W,747,WE,747,10
930351,6640,0,1,VRMS,559586,IRMS,8159,W,11,WE,11,10
930424,6641,1,1,VRMS,565744,IRMS,169482,W,747,WE,747,10
931350,6650,0,1,VRMS,559094,IRMS,8075,W,11,WE,11,10
931424,6651,1,1,VRMS,566600,IRMS,169469,W,747,WE,747,10
932349,6660,0,1,VRMS,558357,IRMS,7929,W,11,WE,11,10
932425,6661,1,1,VRMS,565956,IRMS,169498,W,747,WE,747,10
933349,6670,0,1,VRMS,557968,IRMS,7984,W,10,WE,11,10
933425,6671,1,1,VRMS,566389,IRMS,169492,W,747,WE,748,10
934350,6680,0,1,VRMS,559217,IRMS,7394,W,12,WE,11,10
934424,6681,1,1,VRMS,566177,IRMS,169491,W,748,WE,747,10
935350,6690,0,1,VRMS,557708,IRMS,7896,W,10,WE,10,10
935426,6691,1,1,VRMS,565923,IRMS,169518,W,747,WE,747,10
936349,6700,0,1,VRMS,558201,IRMS,7777,W,11,WE,11,0
936425,6701,1,1,VRMS,565644,IRMS,169443,W,747,WE,747,10
937351,6710,0,1,VRMS,558312,IRMS,8020,W,11,WE,11,0
937424,6711,1,1,VRMS,566321,IRMS,169508,W,747,WE,748,10
938350,6720,0,1,VRMS,558270,IRMS,7876,W,11,WE,11,0
938426,6721,1,1,VRMS,565851,IRMS,169488,W,747,WE,747,10
939350,6730,0,1,VRMS,557364,IRMS,7925,W,10,WE,10,0
939425,6731,1,1,VRMS,565842,IRMS,169500,W,747,WE,747,10
940351,6740,0,1,VRMS,559119,IRMS,8024,W,11,WE,11,10
940425,6741,1,1,VRMS,566527,IRMS,169495,W,747,WE,747,10
941350,6750,0,1,VRMS,556891,IRMS,7874,W,11,WE,11,0
941426,6751,1,1,VRMS,565588,IRMS,169452,W,747,WE,747,10
942350,6760,0,1,VRMS,557784,IRMS,7893,W,11,WE,11,10
942426,6761,1,1,VRMS,564506,IRMS,169249,W,746,WE,746,10
943351,6770,0,1,VRMS,556706,IRMS,7415,W,11,WE,11,10
943425,6771,1,1,VRMS,564550,IRMS,169249,W,745,WE,745,10
944351,6780,0,1,VRMS,557319,IRMS,7939,W,10,WE,10,10
944427,6781,1,1,VRMS,564939,IRMS,169344,W,745,WE,744,10
945352,6790,0,1,VRMS,558444,IRMS,7801,W,12,WE,12,10
945426,6791,1,1,VRMS,565767,IRMS,169385,W,746,WE,746,10
946352,6800,0,1,VRMS,555739,IRMS,7950,W,10,WE,10,10
946427,6801,1,1,VRMS,564468,IRMS,169199,W,745,WE,745,10
947351,6810,0,1,VRMS,557512,IRMS,7925,W,11,WE,11,10
947427,6811,1,1,VRMS,564428,IRMS,169183,W,744,WE,744,10
948353,6820,0,1,VRMS,554959,IRMS,7952,W,11,WE,11,10
948426,6821,1,1,VRMS,564425,IRMS,169286,W,743,WE,744,10
949352,6830,0,1,VRMS,559015,IRMS,8078,W,10,WE,11,10
949428,6831,1,1,VRMS,565713,IRMS,169358,W,744,WE,744,10
950353,6840,0,1,VRMS,556145,IRMS,7822,W,11,WE,10,10
950427,6841,1,1,VRMS,565782,IRMS,169346,W,746,WE,746,10
951353,6850,0,1,VRMS,558529,IRMS,7815,W,11,WE,11,10
951429,6851,1,1,VRMS,565391,IRMS,169287,W,746,WE,745,10
952354,6860,0,1,VRMS,558103,IRMS,7466,W,11,WE,11,10
952428,6861,1,1,VRMS,565741,IRMS,169356,W,745,WE,746,10
953354,6870,0,1,VRMS,557199,IRMS,7911,W,10,WE,11,10
953427,6871,1,1,VRMS,565535,IRMS,169373,W,745,WE,745,10
954353,6880,0,1,VRMS,558660,IRMS,7798,W,12,WE,11,10
954429,6881,1,1,VRMS,565793,IRMS,169341,W,746,WE,746,10
955355,6890,0,1,VRMS,556702,IRMS,7941,W,10,WE,10,0
955428,6891,1,1,VRMS,565500,IRMS,169348,W,746,WE,746,10
956354,6900,0,1,VRMS,558614,IRMS,7940,W,11,WE,11,0
956430,6901,1,1,VRMS,566166,IRMS,169356,W,746,WE,746,10
957353,6910,0,1,VRMS,556537,IRMS,7951,W,11,WE,11,10
957429,6911,1,1,VRMS,565100,IRMS,169371,W,746,WE,746,10
958355,6920,0,1,VRMS,558990,IRMS,8081,W,11,WE,11,10
958429,6921,1,1,VRMS,565572,IRMS,169385,W,746,WE,746,10
959354,6930,0,1,VRMS,556067,IRMS,7817,W,11,WE,11,10
959430,6931,1,1,VRMS,565649,IRMS,169369,W,746,WE,745,10
960354,6940,0,1,VRMS,558622,IRMS,7833,W,10,WE,10,10
960430,6941,1,1,VRMS,566432,IRMS,169442,W,746,WE,747,10
961355,6950,0,1,VRMS,558701,IRMS,7470,W,11,WE,11,10
961429,6951,1,1,VRMS,566271,IRMS,169422,W,747,WE,746,10
962355,6960,0,1,VRMS,557526,IRMS,7941,W,11,WE,11,10
962430,6961,1,1,VRMS,566054,IRMS,169391,W,746,WE,747,10
963354,6970,0,1,VRMS,558492,IRMS,7765,W,11,WE,11,10
963430,6971,1,1,VRMS,565384,IRMS,169431,W,746,WE,746,10
964356,6980,0,1,VRMS,556392,IRMS,8102,W,11,WE,11,10
964429,6981,1,1,VRMS,565332,IRMS,169333,W,746,WE,746,10
965355,6990,0,1,VRMS,558904,IRMS,7886,W,10,WE,11,10
965431,6991,1,1,VRMS,565864,IRMS,169354,W,746,WE,746,10
966354,7000,0,1,VRMS,558107,IRMS,8104,W,11,WE,10,10
966430,7001,1,1,VRMS,565598,IRMS,169348,W,746,WE,746,10
967356,7010,0,1,VRMS,557661,IRMS,8001,W,11,WE,11,10
967430,7011,1,1,VRMS,565345,IRMS,169310,W,744,WE,744,10
968355,7020,0,1,VRMS,557872,IRMS,8083,W,11,WE,11,0
968429,7021,1,1,VRMS,564601,IRMS,169308,W,745,WE,745,10
969355,7030,0,1,VRMS,556079,IRMS,8157,W,11,WE,11,10
969431,7031,1,1,VRMS,564714,IRMS,169287,W,745,WE,745,10
970356,7040,0,1,VRMS,558773,IRMS,7406,W,10,WE,10,10
970430,7041,1,1,VRMS,564897,IRMS,169254,W,744,WE,744,10
971356,7050,0,1,VRMS,557163,IRMS,8126,W,11,WE,11,10
971431,7051,1,1,VRMS,564662,IRMS,169258,W,745,WE,744,10
972355,7060,0,1,VRMS,556628,IRMS,7470,W,11,WE,11,10
972431,7061,1,1,VRMS,565393,IRMS,169206,W,745,WE,745,10
973357,7070,0,1,VRMS,557979,IRMS,8188,W,11,WE,11,10
973430,7071,1,1,VRMS,564649,IRMS,169244,W,744,WE,745,10
974356,7080,0,1,VRMS,556086,IRMS,7728,W,10,WE,10,10
974432,7081,1,1,VRMS,564887,IRMS,169259,W,744,WE,744,10
975357,7090,0,1,VRMS,557759,IRMS,8079,W,11,WE,11,10
975431,7091,1,1,VRMS,564770,IRMS,169263,W,745,WE,745,10
976357,7100,0,1,VRMS,558301,IRMS,7952,W,11,WE,11,10
976433,7101,1,1,VRMS,565450,IRMS,169296,W,745,WE,744,10
977356,7110,0,1,VRMS,555355,IRMS,7988,W,11,WE,11,10
977432,7111,1,1,VRMS,564799,IRMS,169244,W,744,WE,745,10
S 0 0
978432,7121,1,1,VRMS,565346,IRMS,169311,W,745,WE,745,10
S 1 0
2596802,1194,4,1,VRMS,569423,IRMS,7562,W,11,WE,206,14
2596864,1195,5,1,VRMS,566612,IRMS,4913,W,21,WE,405,14
2596927,1196,6,1,VRMS,572583,IRMS,11356,W,42,WE,797,14
2596993,1197,7,1,VRMS,574637,IRMS,18994,W,84,WE,1601,14
2597058,1198,8,1,VRMS,20880,IRMS,6710,W,1,WE,8,4
2617923,1202,2,1,VRMS,24818,IRMS,6461,W,7,WE,34,0
2618034,1204,4,1,VRMS,558249,IRMS,7402,W,11,WE,226,14
2618095,1205,5,1,VRMS,578250,IRMS,4974,W,21,WE,446,14
2618159,1206,6,1,VRMS,563822,IRMS,13139,W,41,WE,880,14
2618224,1207,7,1,VRMS,568447,IRMS,18966,W,83,WE,1765,14
2618290,1208,8,1,VRMS,20193,IRMS,6532,W,1,WE,9,4
2635712,1212,2,1,VRMS,24770,IRMS,6464,W,7,WE,7,0
2635821,1214,4,1,VRMS,559981,IRMS,7146,W,11,WE,190,14
2635884,1215,5,1,VRMS,572656,IRMS,4907,W,21,WE,374,14
2635948,1216,6,1,VRMS,572288,IRMS,12296,W,41,WE,736,14
2636013,1217,7,1,VRMS,564182,IRMS,19008,W,83,WE,1478,14
2636079,1218,8,1,VRMS,20756,IRMS,6980,W,1,WE,8,4
2652022,1222,2,1,VRMS,24766,IRMS,6608,W,7,WE,7,0
2652129,1224,4,1,VRMS,564718,IRMS,7500,W,11,WE,174,14
2652192,1225,5,1,VRMS,575320,IRMS,4956,W,21,WE,342,14
2652256,1226,6,1,VRMS,560779,IRMS,12204,W,41,WE,676,14
2652321,1227,7,1,VRMS,572999,IRMS,19011,W,83,WE,1354,14
2653575,1228,8,1,VRMS,20079,IRMS,6696,W,1,WE,8,0
2677514,1232,2,1,VRMS,24766,IRMS,6608,W,7,WE,7,20000
2677626,1234,4,1,VRMS,558355,IRMS,7572,W,11,WE,272,14
2677688,1235,5,1,VRMS,580144,IRMS,4950,W,21,WE,536,14
2677751,1236,6,1,VRMS,561977,IRMS,11798,W,41,WE,1056,14
2677817,1237,7,1,VRMS,562722,IRMS,18990,W,83,WE,2119,14
2677882,1238,8,1,VRMS,20716,IRMS,6982,W,1,WE,10,4
2697719,1244,4,1,VRMS,558634,IRMS,7502,W,11,WE,215,14
2697781,1245,5,1,VRMS,579800,IRMS,4960,W,21,WE,422,14
2697844,1246,6,1,VRMS,564597,IRMS,12515,W,41,WE,832,14
2697910,1247,7,1,VRMS,564399,IRMS,19009,W,83,WE,1670,14
2697975,1248,8,1,VRMS,20506,IRMS,6387,W,1,WE,9,4
2712666,1252,2,1,VRMS,24766,IRMS,6608,W,7,WE,7,20000
2712776,1254,4,1,VRMS,570314,IRMS,7719,W,11,WE,160,14
2712840,1255,5,1,VRMS,566253,IRMS,4934,W,21,WE,316,14
2712903,1256,6,1,VRMS,571359,IRMS,12337,W,42,WE,623,14
2712969,1257,7,1,VRMS,574810,IRMS,18959,W,83,WE,1250,14
2713034,1258,8,1,VRMS,20528,IRMS,7042,W,1,WE,7,4
2736033,1262,2,1,VRMS,24588,IRMS,6510,W,7,WE,34,0
2736142,1264,4,1,VRMS,565657,IRMS,7017,W,10,WE,249,14
2736205,1265,5,1,VRMS,565343,IRMS,4935,W,20,WE,489,14
2736269,1266,6,1,VRMS,570972,IRMS,10765,W,40,WE,964,14
2736334,1267,7,1,VRMS,570718,IRMS,18934,W,83,WE,1935,14
2736400,1268,8,1,VRMS,20574,IRMS,7019,W,1,WE,10,4
2756419,1272,2,1,VRMS,24588,IRMS,6510,W,7,WE,34,20000
2756534,1274,4,1,VRMS,564071,IRMS,7640,W,11,WE,217,14
2756597,1275,5,1,VRMS,575246,IRMS,4917,W,21,WE,427,14
2756659,1276,6,1,VRMS,560840,IRMS,12975,W,42,WE,843,14
2756724,1277,7,1,VRMS,571594,IRMS,19009,W,83,WE,1689,14
2756790,1278,8,1,VRMS,20448,IRMS,6760,W,1,WE,9,4
2776236,1282,2,1,VRMS,24588,IRMS,6510,W,7,WE,34,20000
2776348,1284,4,1,VRMS,555973,IRMS,7508,W,11,WE,212,14
2776412,1285,5,1,VRMS,580128,IRMS,4954,W,21,WE,417,14
2776475,1286,6,1,VRMS,563762,IRMS,11924,W,41,WE,821,14
2776541,1287,7,1,VRMS,562899,IRMS,19008,W,83,WE,1646,14
2776606,1288,8,1,VRMS,20483,IRMS,6933,W,1,WE,8,4
2797428,1292,2,1,VRMS,24588,IRMS,6510,W,7,WE,34,20000
2797541,1294,4,1,VRMS,567198,IRMS,7477,W,11,WE,225,14
2797604,1295,5,1,VRMS,564359,IRMS,4916,W,21,WE,444,14
2797668,1296,6,1,VRMS,571017,IRMS,11143,W,42,WE,874,14
2797733,1297,7,1,VRMS,572975,IRMS,18922,W,83,WE,1756,14
2797799,1298,8,1,VRMS,20689,IRMS,7068,W,1,WE,10,4
2815621,1304,4,1,VRMS,558071,IRMS,7563,W,11,WE,192,14
2815684,1305,5,1,VRMS,576678,IRMS,4903,W,21,WE,378,14
2815746,1306,6,1,VRMS,560546,IRMS,12662,W,43,WE,747,14
2815811,1307,7,1,VRMS,568620,IRMS,18991,W,83,WE,1496,14
2815877,1308,8,1,VRMS,20335,IRMS,6918,W,1,WE,8,4
2832078,1312,2,1,VRMS,24618,IRMS,6498,W,7,WE,40,0
2832189,1314,4,1,VRMS,559403,IRMS,7311,W,11,WE,176,14
2832252,1315,5,1,VRMS,568490,IRMS,4937,W,21,WE,346,14
2832316,1316,6,1,VRMS,571955,IRMS,11522,W,42,WE,682,14
2832379,1317,7,1,VRMS,564985,IRMS,18918,W,83,WE,1369,14
2833012,1318,8,1,VRMS,19966,IRMS,6823,W,1,WE,7,0
2856630,1324,4,1,VRMS,570254,IRMS,7150,W,11,WE,260,14
2856693,1325,5,1,VRMS,566109,IRMS,4937,W,21,WE,511,14
2856755,1326,6,1,VRMS,570903,IRMS,11997,W,42,WE,1009,14
2856820,1327,7,1,VRMS,577328,IRMS,18945,W,83,WE,2023,14
2856886,1328,8,1,VRMS,20055,IRMS,6759,W,0,WE,10,4
2877888,1332,2,1,VRMS,24618,IRMS,6498,W,7,WE,40,20000
2878003,1334,4,1,VRMS,562372,IRMS,7331,W,11,WE,227,14
2878066,1335,5,1,VRMS,575200,IRMS,4918,W,20,WE,447,14
2878130,1336,6,1,VRMS,558206,IRMS,10458,W,42,WE,879,14
2878193,1337,7,1,VRMS,569369,IRMS,18942,W,82,WE,1766,14
2878259,1338,8,1,VRMS,20659,IRMS,6865,W,1,WE,10,4
2892032,1342,2,1,VRMS,24618,IRMS,6498,W,7,WE,40,20000
2892146,1344,4,1,VRMS,564761,IRMS,7111,W,10,WE,151,14
2892210,1345,5,1,VRMS,573614,IRMS,4950,W,21,WE,296,14
2892273,1346,6,1,VRMS,560323,IRMS,11401,W,42,WE,584,14
2892337,1347,7,1,VRMS,572024,IRMS,18981,W,82,WE,1170,14
2893852,1348,8,1,VRMS,20041,IRMS,6259,W,1,WE,7,0
2913832,1352,2,1,VRMS,24542,IRMS,6455,W,6,WE,33,0
2913945,1354,4,1,VRMS,567565,IRMS,7639,W,11,WE,232,14
2914007,1355,5,1,VRMS,566309,IRMS,4915,W,21,WE,456,14
2914070,1356,6,1,VRMS,574483,IRMS,12623,W,40,WE,901,14
2914136,1357,7,1,VRMS,574052,IRMS,18937,W,83,WE,1806,14
2914201,1358,8,1,VRMS,20047,IRMS,6157,W,1,WE,8,4
2937616,1362,2,1,VRMS,24542,IRMS,6455,W,6,WE,33,20000
2937729,1364,4,1,VRMS,559175,IRMS,7657,W,11,WE,253,14
2937792,1365,5,1,VRMS,571181,IRMS,4950,W,21,WE,499,14
2937856,1366,6,1,VRMS,568918,IRMS,10409,W,40,WE,982,14
2937921,1367,7,1,VRMS,564625,IRMS,18958,W,83,WE,1973,14
2937987,1368,8,1,VRMS,20431,IRMS,6744,W,1,WE,11,4
2956609,1372,2,1,VRMS,24542,IRMS,6455,W,6,WE,33,20000
2956724,1374,4,1,VRMS,559474,IRMS,6987,W,11,WE,202,14
2956785,1375,5,1,VRMS,569989,IRMS,4951,W,21,WE,398,14
2956849,1376,6,1,VRMS,570122,IRMS,10573,W,40,WE,784,14
2956914,1377,7,1,VRMS,564354,IRMS,18935,W,83,WE,1572,14
2956980,1378,8,1,VRMS,20546,IRMS,6957,W,1,WE,8,4
2972583,1382,2,1,VRMS,24542,IRMS,6455,W,6,WE,33,20000
2972698,1384,4,1,VRMS,555780,IRMS,6964,W,11,WE,170,14
2972760,1385,5,1,VRMS,576507,IRMS,4929,W,21,WE,333,14
2972823,1386,6,1,VRMS,564112,IRMS,12028,W,42,WE,658,14
2972889,1387,7,1,VRMS,564318,IRMS,18972,W,83,WE,1320,14
2973302,1388,8,1,VRMS,19839,IRMS,6789,W,1,WE,7,0
2991945,1392,2,1,VRMS,24542,IRMS,6455,W,6,WE,33,20000
2992060,1394,4,1,VRMS,558484,IRMS,7534,W,11,WE,205,14
2992123,1395,5,1,VRMS,571713,IRMS,4922,W,21,WE,405,14
2992187,1396,6,1,VRMS,567588,IRMS,11766,W,40,WE,798,14
2992250,1397,7,1,VRMS,562056,IRMS,18920,W,83,WE,1599,14
2992599,1398,8,1,VRMS,20003,IRMS,6898,W,1,WE,9,0
3016611,1402,2,1,VRMS,24542,IRMS,6455,W,6,WE,33,20000
3016726,1404,4,1,VRMS,564404,IRMS,7324,W,11,WE,262,14
3016790,1405,5,1,VRMS,573145,IRMS,4889,W,21,WE,515,14
3016851,1406,6,1,VRMS,559636,IRMS,11824,W,40,WE,1016,14
3016916,1407,7,1,VRMS,564477,IRMS,18896,W,82,WE,2037,14
3016982,1408,8,1,VRMS,20482,IRMS,7007,W,1,WE,10,4
3036430,1412,2,1,VRMS,24542,IRMS,6455,W,6,WE,33,20000
3036545,1414,4,1,VRMS,559964,IRMS,7560,W,10,WE,210,14
3036606,1415,5,1,VRMS,575826,IRMS,4919,W,21,WE,413,14
3036669,1416,6,1,VRMS,561526,IRMS,13265,W,41,WE,817,14
3036735,1417,7,1,VRMS,567852,IRMS,18929,W,83,WE,1637,14
3036801,1418,8,1,VRMS,20495,IRMS,6913,W,0,WE,9,4
3056521,1422,2,1,VRMS,24542,IRMS,6455,W,6,WE,33,20000
3056635,1424,4,1,VRMS,566574,IRMS,7691,W,10,WE,214,14
3056699,1425,5,1,VRMS,566061,IRMS,4927,W,21,WE,421,14
3056760,1426,6,1,VRMS,574425,IRMS,13306,W,41,WE,829,14
3056826,1427,7,1,VRMS,572597,IRMS,18973,W,83,WE,1663,14
3056891,1428,8,1,VRMS,20673,IRMS,7057,W,1,WE,9,4
3076194,1432,2,1,VRMS,24602,IRMS,6491,W,6,WE,66,1000
3076308,1434,4,1,VRMS,565068,IRMS,7480,W,10,WE,209,14
3076370,1435,5,1,VRMS,563333,IRMS,4953,W,21,WE,412,14
3076433,1436,6,1,VRMS,575042,IRMS,13246,W,41,WE,813,14
3076499,1437,7,1,VRMS,569852,IRMS,18930,W,83,WE,1630,14
3076564,1438,8,1,VRMS,20517,IRMS,6936,W,0,WE,8,4
3097001,1444,4,1,VRMS,557525,IRMS,7625,W,10,WE,220,14
3097065,1445,5,1,VRMS,575321,IRMS,4891,W,21,WE,433,14
3097128,1446,6,1,VRMS,565906,IRMS,12339,W,41,WE,854,14
3097194,1447,7,1,VRMS,563706,IRMS,18955,W,83,WE,1710,14
3097260,1448,8,1,VRMS,20450,IRMS,6771,W,1,WE,9,4
3117713,1452,2,1,VRMS,24602,IRMS,6491,W,6,WE,66,20000
3117828,1454,4,1,VRMS,559314,IRMS,7452,W,11,WE,221,14
3117889,1455,5,1,VRMS,576277,IRMS,4957,W,21,WE,434,14
3117953,1456,6,1,VRMS,556732,IRMS,11536,W,41,WE,857,14
3118018,1457,7,1,VRMS,566692,IRMS,18968,W,83,WE,1719,14
3118084,1458,8,1,VRMS,20474,IRMS,6971,W,1,WE,9,4
3132063,1464,4,1,VRMS,558605,IRMS,7404,W,11,WE,151,14
3132127,1465,5,1,VRMS,562921,IRMS,4905,W,20,WE,297,14
3132190,1466,6,1,VRMS,568934,IRMS,11780,W,41,WE,585,14
3132256,1467,7,1,VRMS,563784,IRMS,18800,W,82,WE,1175,14
3132459,1468,8,1,VRMS,20268,IRMS,6878,W,1,WE,7,0
3156553,1472,2,1,VRMS,24591,IRMS,6444,W,7,WE,33,0
3156664,1474,4,1,VRMS,568437,IRMS,7309,W,11,WE,261,14
3156727,1475,5,1,VRMS,565042,IRMS,4978,W,21,WE,513,14
3156791,1476,6,1,VRMS,571363,IRMS,12610,W,41,WE,1013,14
3156854,1477,7,1,VRMS,576618,IRMS,18922,W,83,WE,2029,14
3156920,1478,8,1,VRMS,20465,IRMS,6723,W,1,WE,10,4
3172409,1482,2,1,VRMS,24591,IRMS,6444,W,7,WE,33,20000
3172521,1484,4,1,VRMS,555265,IRMS,7313,W,11,WE,168,14
3172585,1485,5,1,VRMS,577198,IRMS,4927,W,21,WE,331,14
3172648,1486,6,1,VRMS,561919,IRMS,13382,W,41,WE,653,14
3172714,1487,7,1,VRMS,563829,IRMS,18931,W,82,WE,1309,14
3173027,1488,8,1,VRMS,20091,IRMS,6944,W,1,WE,7,0
3197992,1492,2,1,VRMS,24591,IRMS,6444,W,7,WE,33,20000
3198107,1494,4,1,VRMS,556670,IRMS,7305,W,10,WE,272,14
3198171,1495,5,1,VRMS,575392,IRMS,4916,W,21,WE,535,14
3198232,1496,6,1,VRMS,567054,IRMS,10794,W,41,WE,1052,14
3198298,1497,7,1,VRMS,565579,IRMS,18930,W,83,WE,2113,14
3198363,1498,8,1,VRMS,20494,IRMS,6975,W,0,WE,11,4
3218380,1504,4,1,VRMS,558637,IRMS,7463,W,11,WE,215,14
3218442,1505,5,1,VRMS,575808,IRMS,4937,W,21,WE,423,14
3218505,1506,6,1,VRMS,559660,IRMS,12017,W,42,WE,836,14
3218571,1507,7,1,VRMS,571327,IRMS,18967,W,83,WE,1673,14
3218636,1508,8,1,VRMS,20408,IRMS,6717,W,1,WE,9,4
